UserID,ArtistID
510d97f8b57ba1428f2011ff6d22757d,653207.0
729cd5c943526365666e2d4bd1273acb,653207.0
ec60dad4f33da70e0093223b381e4585,888127.0
ab558dc8ab58a74330f8973282083091,888127.0
9bb875f7300e20a141104f4b436c4ee8,888127.0
e358a41ca6582a07c3fec243381c0c9b,888127.0
2f502f5c9c6451e76821a3a077ed27a7,653207.0
fad31e334e419b6217692848dcbb7b6c,653207.0
944ac3bbdc052b0b0c26a63242fc2519,653207.0
538eaba75356ec7e55109a097c881795,653207.0
0ff102634296bb7e5b5a940cb3bdd576,653207.0
6b07a263e7bdfdd077f255cf4acba8ab,653207.0
112ab0917ab1ace36815aa7869ea52d0,653207.0
33068b4d9d7d22e12234f0c3fe3049c4,653207.0
f0daae75776bf548edb428af0d31af03,653207.0
acaa150f8ec33e3e231d1778ce17a3ba,653207.0
2bcce44519254b04af2afed4bdfa9daa,653207.0
517715b383c42ccbc7af906522fa111e,653207.0
aa3d00aa0bcb7a919633e15246f8c02f,653207.0
e5f4979549b1279369a66c0b928c505b,888127.0
6d98de3bf5510ca8af9f3e07b4383340,888127.0
286c07a28fc4ad6ae8237ca32029da81,653207.0
1490c0bfbd0ead61e7395ef1b2d01288,653207.0
fcd02a816ccebf3980162320123fdde0,653207.0
b1600f176472efa99e4f8ae81e64e6c3,653207.0
80aaaf759878a622a84951d29e9c779e,653207.0
980d3438d1f2fa2e357fd885284073aa,653207.0
23ad74b7b9111f3f4f9881f40d80b8e8,653207.0
a75813a58ea51cb97ba14f81bb4bd9e8,653207.0
fc53fe0d2ac14911b2d6c601dc803a20,653207.0
ce9137141fe09dfb15de8de0f942ff2e,653207.0
cecce76af9e63340f087d154a06a6e8a,653207.0
3efec9b8068f4378291abe6d6ccf2fbf,653207.0
796d5c502d398d2b10fe2bd2fba6f2f0,653207.0
4a55c9cd7cb2be9db471f6db62008398,653207.0
635b4a62b1309c4cc2ba4649285d43cf,888127.0
d26285983a80470c87267254f491d5b9,888127.0
fc3de17eac020bb218b04d0e204fd869,888127.0
ce9baaa6bf97f54c3badf854f8b889c5,888127.0
c232d90cc3fae67db4c2a2b9221284db,888127.0
b9cfc4b1fbd0c0dcb2ba350c6682ab2e,888127.0
4c4c3923a3d88e531b826558fb4be3fd,888127.0
ace5ec8b321545f841106d26c5a402a6,653207.0
a3bb57bf2d8b93a37ddc86a6b0caa200,653207.0
2e20dea6dfd38e21efe0ddb8686bb01a,653207.0
12024f2da1392946258cd2787e748721,653207.0
613b87596d042bf4ca299a789f70cafa,653207.0
b78368f20ca69a6798aa4f9ed7144cc0,653207.0
305b97572f73e452f815dc2306ca3f21,653207.0
e1797fa2863cf5049e7a8de764119eb1,888127.0
cdec7bff4c10779e9864f4b36d8f3c89,888127.0
4e62cc5e93cf0a3a9d133e02c4677a6b,653207.0
388281a2cb688726a042bfd02029bc47,653207.0
93cf14a0fa5127ffb69188d907329052,653207.0
5ec1231c66cb9755292ab846b4694cc7,653207.0
68424c9cf1f4e5e18fd20b03e508ca91,653207.0
1ec2f90596111983837d8414e6ba9c42,653207.0
98fd8aafec4e5fc69af0886bb69e873d,653207.0
245b49671c86e2ae69f1fbf7f53c8bee,653207.0
efd4923b2a0c208760a0631db548fcd3,653207.0
ed3ee54c2cfdb1de9bca281f7f6d58f1,653207.0
9677c641b19294ae1bf990ba1e1cf61a,653207.0
b851c138d65fd0da283887668c762dee,653207.0
c3410a110f2775b613d3282e205e62df,653207.0
1a66f0332f1475b345b5e01836a2cac5,888127.0
4a691b9425cd8fd2f052668698e23a59,653207.0
3eff7319750a498c1821ba1f628e466d,653207.0
a1ccc640c078276e157a8c3c3bf1c6e7,653207.0
88db300aa17ae96b8fea44c9f262cd87,888127.0
b5fec9e04d8e920a5d773c18e0bd1536,888127.0
129815d649bc2d594badc8d327f71a61,888127.0
94216b449ce3247b1062e4fc30ce9e6d,888127.0
8ec927a88cc2df10e963f4a92c36c48a,888127.0
e89381ab603340026d6f38f31505ea8e,888127.0
c32f2b9b1f6fb0e659cfafdd7dd63d69,888127.0
6939a9f7c092dae013578437d6129051,653207.0
eab60bcf80ba954648aa4bb95ca21486,653207.0
6f678807827572d41acbd5dba8f8e9f3,653207.0
b5825dfa3f58f376f6084c2c91333f6e,653207.0
eaa2af47b9907173d86272b21e369250,653207.0
77c2e2a7b6fca4e6dd92903b83104aae,653207.0
84e8656266ac6b3b6fc41b77fa1335bc,653207.0
08c2108ba82ac7486b31a8adee51b14a,653207.0
a8a41268226dcd0b9a86b70ea425a752,653207.0
bbb3d34867a85fea85c9fc32e49093b8,888127.0
f09757c35aef5d0361eacac4de7f9f0a,888127.0
aca89c8826d624fa56cebe65f788a609,653207.0
9308ebd7598c9d718dfb28ef4a0ebcf1,653207.0
117fe94e76419e362c90d8f470d8b24c,653207.0
bcf0a8c1d768b16a5dd1a782afcff038,653207.0
a5270b24ef7c51f25dcd333fe76e07f8,653207.0
16a23f9a98ad2ff23990de94a91141a9,653207.0
a0c021f4c2ef8f605486d8325cd8d2e2,653207.0
2e3f0cee0ef58a053407a7683c12f135,653207.0
04aa2ce54168debcee682bd1560d5f39,653207.0
631748645abd77cee01e87c621deea51,653207.0
f5ca27cba4166cf8ba763613a8127870,888127.0
07e83f5eefea50901d6fd8edf6ba4542,653207.0
b74ba0011f486774befa613342de2652,653207.0
6bdb8006f4d85bbb2fb5537d2280a7f3,888127.0
89431e3984e52dd67aab6f779bae5fee,888127.0
14498d23aa4d445ddc39a7dbd1724e42,888127.0
a54d7ffb6222ab2a6be96e7bceb8d79f,888127.0
d43f2de28fc73585e1dcbc3a4f2cd5f7,888127.0
b5ddc5d3d2e8d1bf68459f81375bdd21,888127.0
c75e74056bfe24c37dfd52d21e9eee35,888127.0
d1d62b551b27d892a546e67455944942,888127.0
781bb5d5b324b1d074810e2bc089e8a8,653207.0
66c5898372a4eedafd909c61898bbaa9,653207.0
d90e3602ec61e15c9fec58b6a934860b,653207.0
37bf3344a84ffd3cc06b53b54b3a7480,653207.0
fdb576ed12d94acf44fe6145df180078,888127.0
3820624fb05998ffadc1394d2740e24a,888127.0
0d771ad9d6dfdf3063ba71e6fc3c7bfc,653207.0
fad2121ecc01841426dce66c70f10073,653207.0
83c156457c97b819671d7b94e9d623ca,888127.0
749258e19f3afe6e7234fe026dcfc8d6,653207.0
555f13b0e3bd9f76ff7f5e70ba3eb880,653207.0
073becc6febfcf0df7f985a44155b676,653207.0
9b7410ab8b054ba76671b33692e61234,653207.0
5d5e854ce07bc1ac059c8eff5a4159f9,653207.0
3363ef2b6a20264b8c6d672ae8bc17a4,653207.0
e01b173a57cfb527765dc4f36e6a21aa,653207.0
67ecf26b7eccadc262f275f098f6bcd8,653207.0
bdd471efda0726c50e8aebc4acb7d37b,653207.0
4e84bbe2560f1ebe8426f8207417e8fd,653207.0
9f50ff51a93c6ee97783fcf9cd899c81,653207.0
c9fb1548b0b58fd46444147e62813adf,653207.0
e372a4ae8664e9213e9f82ccd5c6147e,653207.0
56be560312aacee8801932c78d5ce006,653207.0
11b63f7183e6c1b557cb863e7e1213ab,888127.0
c3b395de3b2d1792af43e8c59e837b78,888127.0
f3af77141c930fb41a8a45e6500c9455,888127.0
a93308b7a123ae9bcdf15477dcdcf169,888127.0
debba9678f40b519caa00518a6c20945,888127.0
1ff7bce63448524270f7c375e6849a00,888127.0
e9ca18abb39ab87ec01dd1e155936e24,888127.0
a5598e9e9bfc0b0824c79e7242fdef96,653207.0
a2b383542ede096d044518bdc4de29a0,653207.0
af93e3a0507d128aad165bae1e822de8,653207.0
4d4ae1fa569ce2cd492564b3560371b0,653207.0
c31bf24a0035ed038c6d80ad28c8abbb,653207.0
92f4b4244f9032ae148589a62695c139,888127.0
df5247da33179d4f6a66d6b73afad326,888127.0
bfb13bad6ea43d6cf19ab8801d32fd57,888127.0
a413ecb825847fde6b4b9118f42e4708,888127.0
8e1a37fa63e36f96becd9d28287bcc86,888127.0
c642e18e5cca84401c4311d7cf78d347,888127.0
40e3bffe61f627894a71c9df54c3c1f9,888127.0
a44aa92b2f486a662999748c977b9a86,653207.0
fc634d087c5029a1b3d7287ad51dd279,653207.0
f7b7f3e047d2b65eb9611b891c4c7577,653207.0
5e531d7029057b0e9d1456ac2d30fc53,653207.0
d0f345f5a143fdba3073d3cc94410ab4,653207.0
e6d02c075d602744e6423b7e0c4bf8f5,653207.0
d5dbed37f9920bb2db795573922cedea,653207.0
f227402df9e9b689077bcb40e0039e42,653207.0
2d1cb1153b8fcc46b89afbb08c5a313d,653207.0
1fc0c2e03e7b11cdb8e98c4c9500af4c,653207.0
5c6b5b839388ac68e4708f3031151908,653207.0
0d52b444c6a0bd7e9808d92db8888580,653207.0
bc6134f13a51e867c95aba762652c2d5,888127.0
23c09057050f96bbb90f5c445abac0a3,888127.0
420fbeec4eec2bd8fbca8cca2a0f8e47,888127.0
e1bdeec61458f902c3a33d3744747c84,653207.0
123e20049c615bb0071ea9dd3aed78f2,653207.0
8a7e11efdc85df049b18101bf52ea516,653207.0
b538adf39a51aa3dfd17a60a9daa9617,653207.0
793244f7e99a82eb08d56f1f561dee4e,653207.0
2ebb4ccaa7e5ca6455c32d85f338c084,653207.0
d403b593a35edd90c3c8278da38f6110,653207.0
8b3268bfb19cc9732480e2ffebf1098a,653207.0
de26f373a6ccca16c51e2d16c3a9c41e,653207.0
99f324415f242b0d73401299ec9f122d,653207.0
33f2ee0858c03a0b925a33da79acd9ae,888127.0
8ebb8969fc7207e4d4bd151855dddb62,888127.0
20bbc84c2460d99072b5239b66320ce3,888127.0
3601c6fa058f13c047f2bde42358e2f4,888127.0
59502f68b625bbc554decaef4df46d22,888127.0
fdf1c6af839bd930ed4717884e6373ab,653207.0
018e76d75eb27b110f80eeb42d2e0310,653207.0
cfc672b8427e2796bf9855695f412d2b,653207.0
adf188570d5a859927ec365fffee7665,653207.0
fd24224045a3d6730aea205646fddb7f,653207.0
91fb5d8b23c3185e9242c05b8f518e64,653207.0
b9589d4238e8c22fb4400a0c38104a34,653207.0
889b067fc62cbeb72bdf11fc744da70d,653207.0
5351176df559efb2604c54bd4472538b,653207.0
fa6314bdccdf6c9be8a23efb6c570138,653207.0
c2b6b4487d8c640449e9b2b19b3a344c,653207.0
be6a67b1cc122ab4343e0eb260e05f03,653207.0
f2c0f323950a00560b49626a7c276630,653207.0
cb7dc6ab06c90bff6d29fcb218b71610,653207.0
8fb5e36deb23353ae7d4191a314e50e0,888127.0
6edd7606fcd1b6a3bcad69b4b0ac3f5a,888127.0
e622a0e6c37f95ed75149d219a11a111,888127.0
4a15d93fcbed3f82e026543cf58933c5,653207.0
680eed14490ec5fe744aa8cd54cc0ae9,653207.0
c346b6120d7b122728ae9bdf4b9b8f02,653207.0
3a534c01f0c39c98878a82f9692f7902,653207.0
65bc1b650f547b454065bf4a548acfac,653207.0
332d7db77dc1307760845f82c3ef38f8,653207.0
8626c63916aafcc04623229946e85ed3,653207.0
5b1ebb5cf62c0622d591db7722e7dec0,653207.0
634140ad6dbe2218b96e0c9fd6fc5e1e,888127.0
8b3a112c8410fbcfe6751f59ba075820,888127.0
ee57d2cefb8b13a62cb7a0055b44b0e4,888127.0
37ef0a33399748f6b75d26e0cd91e094,888127.0
a5a1ed3c225944ebae33b2c9c0c8e16e,653207.0
70fae43d3e68a0bb74e17d2fbbdc1a06,653207.0
30addcc7978d9d309dc04fda127b9a9e,653207.0
f1001f039642db9c2d2318a28a321eec,653207.0
4222e75cdebaafbe9127c8f51916c420,653207.0
b373a923b1c8be5125906330cb007648,653207.0
217d0aa625b0a28a480833efdb9a0936,653207.0
306cf5708a6484a4d00336e1ef7644f0,653207.0
2a8c111ba608a12ad42cf94a4e7ae827,653207.0
f8bc6c06d7ece88c1e7b005a3b62d7db,653207.0
a633ceab17b75be16f0bb8c752235515,653207.0
6e447422d4cf867ad3a9b8658b72c996,888127.0
86f22869a50226dd402420965e586554,888127.0
05488bcd619fd28c08ed1742dbbdd4ae,653207.0
a13116f4de6c5d860850f01deea34603,653207.0
679bdab17bfe8908c91436ed0286248d,653207.0
44bb350ac65092f53e49dc5eaab78a29,653207.0
eed5dc147d6ffb951002fc1c8778ccde,653207.0
e8dec6015ffd78908efca92d5c72bb73,653207.0
4b8c8621444b9cfbeef2b0f2319e2457,653207.0
33b0f34ad74932eb35866ccd9d05cfeb,653207.0
f445098a164ffbd3bea5c35ab900ac92,653207.0
85803d8abed16e1044df6fdd410f337e,653207.0
c16cc302d3192f0161d927f45c110929,653207.0
b3e2a5789ab077132ad707e952b9967e,888127.0
cd1c3884e53c9abfd1df8c1b01767344,653207.0
03dc76fd8299e5381f71f6fa98d4fc71,653207.0
eee9b3cfc451c51c3f0202a700849dc8,653207.0
b004016f27c47e6a6800986d6eccbffe,653207.0
c503c3886d3ad3966d9726aec8f7f335,888127.0
bc365027005a59f5eb44fd51c9a4b2b9,888127.0
b100efeb8ca9065be3d6938e051fa266,888127.0
2ae8247756b24cd6849f0eef3e9d8f75,653207.0
24eb60c8de4376603239d2638a02fd21,653207.0
ecf09dbaad55cfcfeeac11e91f574a45,653207.0
0e766b052cf96219a46205768036daaa,653207.0
38dfc3046b507a30ae644550ae916291,653207.0
73a612130bee19aeab171c0bf9a884aa,653207.0
15b5bf77f65b5b39c09eea15b691c6c8,653207.0
c3ce6cf4c3b30be1fde8611a8ad38e29,653207.0
809d3e883adf1cba282ef91e04fbe7a8,653207.0
92a99360e87648b86d61181375f3a307,888127.0
67dfa6da5bd9a5bdfb21c1ad1b7a3a6d,888127.0
17afc33f439382cbb0a756426a09a7ef,653207.0
4a068a81c11e8e952e32a436cdb73d57,653207.0
5d0fdccddc97cf64952aaf4f6bc7f03a,653207.0
eb8255317c438c55a6deccb53a156822,653207.0
293049628f4b1f9f8cb294b5a1e60651,653207.0
b0c8fd8486b9535c626eea7691d9c32c,653207.0
a00f8168f14811226a026b096649dd04,653207.0
20dcaeccf645e2f3c06763bbed9e4075,653207.0
e75aea59d7344a0f239022a0b62c9b42,653207.0
8232576d74ff3b5285e7877db6855d43,653207.0
d193ce80fc4ebfd38752bb5d855de1b4,653207.0
c5b69ae04939ebd01cef50cd9bb9b93d,653207.0
ae18af0a43b0e61fe9d3e19bdd7c9833,888127.0
9cf1e146445ba856c41a39bd2e63231c,888127.0
78cdd63b9f963672a8a488d0ce26dcec,888127.0
e9009ddee868c0752cd8790e945b57e6,653207.0
50e232bdb00b39c22c3d6dd2a4f9e509,653207.0
8395572a5a66c3c816f3f164fff203df,653207.0
c91bbef8c045880c6edfa29a624eedaa,653207.0
89692f233db5bada940691fce79d5b08,653207.0
c06badbfcaf2d96176a72094e19a0719,653207.0
94b1071d5cfb3d04b3daea0e4e6df205,653207.0
fa41ae803f666bc21ad4049ccf8e5f86,653207.0
e317a3c798d180744c408e9644366c06,888127.0
8e9e6a73c4ed4be1410065e5b5fda001,888127.0
6375d68b243077f919a9f365360bbff0,653207.0
991ae263380e8accb5fbcbc97e0349d8,653207.0
72732d09ebd6680441a462aefeaed25c,653207.0
da892d3f484bc580cf1437827f30ef08,888127.0
b9ee1bb60ac924435a5b142f1452be9e,888127.0
1e5bb40c698ab1e452c44960dcb00519,888127.0
aae6b6cc686fb3f1ee5e4335d89a56f3,888127.0
fda9523990122ab5b9bd32e79e967481,888127.0
7a3821c273f1b8ada502f3809e8cc215,653207.0
7d9a12c0ffa26a285da4c4e68f752f3a,653207.0
d501b445c9835b099b27f423e62200eb,653207.0
6fed1d68216cfcce83b650be86053f75,653207.0
63f107f96826d796b93cf1f15d3b4962,653207.0
1e4035659ee8365b358d439c6ae7ed25,653207.0
b0f6e6342c3d20106a4c21df453da440,653207.0
19eb4a428e961378f7c641e9fd53a918,888127.0
0d27ffe44e90ac9cf5818e1348901636,888127.0
4dbf52b0675a3f4674b205055d2a2257,888127.0
de15b987fca8f56def46c7959a220b0c,653207.0
521c04d50f74dfaa96dd1a4cd50d8b60,653207.0
499039aaacb172b305bdc4e92eaeffe2,653207.0
3ea142615a87c6a1d0d10e3a58796b81,653207.0
1ba472917c95412072d41a750e496dee,653207.0
7969c08c89d2f9bdc923e27e3030e4f5,653207.0
004d3e4a6ea14799c417dc48fc8e6cf4,653207.0
b32182d340ce068c97eec92a0d79e675,653207.0
e3bc2fac6981bdbe80e07e3d9a63689a,653207.0
afa0ffccb48d2006fafb48387052e30b,653207.0
17095944c5aa3603849e8da5ff3703c6,888127.0
d96799fec324710e8fc849db384db522,888127.0
c98e556beb2ed491833000d30b77de54,888127.0
641393cf8065729f9de728bd75d4b0af,888127.0
a4d7dfc9d665a2fe0d2b48dbeed50c8f,888127.0
827d6a9516fedbac0b8014e7e23295b7,888127.0
7a788d5ca99f4eb9f60422576d55784d,888127.0
397d23a1e178e01e58bc29d0d4353957,888127.0
5881f1043b4ff96d4dbca3a372b6cf52,653207.0
73201b9bac105392d76e9e6cbbc5bd35,653207.0
98154b33dd19eebc36da35e9429c4dab,653207.0
81706966153931e8935c085736e5cc59,653207.0
21df27cef04e7cd3926915d6cefecfd2,653207.0
f6ff3766444dd5d35deb9cc9b8d60d58,653207.0
b2b34195edff6f4d740b4663dbdbc43e,653207.0
453f644d09879206fc3e2fb3bdaa1fe9,888127.0
300eece4cb5d61543c2340ad9047e770,888127.0
94bad119dab76163d3095ef4ad4a397c,888127.0
30deaee899d2e202bc511af6842ea81f,888127.0
826dfa8f7f198033707c7446a0f58d40,653207.0
6b5a555c9fa494a58e2c83c8e062d963,653207.0
b2a7986d9666db23ee9dd084fa1cc633,653207.0
3d095cef3bc85503679c3550b9de0888,653207.0
8ba508a9b93d2c2c31e89621034decf6,653207.0
928cb3cfb7785f9cd95c75bb45593a73,653207.0
155492ab2791efc310137b87b0c245dd,653207.0
784b572717357d81c99f6460b9f5de83,653207.0
d67b573989b75feebc546b4860fc93cd,888127.0
94b45230edd3f85541b0bb68de09fe61,888127.0
7465ec5645f9d3466ecaf307076a0cf3,888127.0
45529432d659d3fffbc5a6ae43d18485,888127.0
46ea1e931691543ec80513e70bd41130,888127.0
2e448ce252f1e4b188087dd993647d08,888127.0
ac88e02cc59f3760e0fb10fcbe702dde,888127.0
66521eb6633fdfd848984b52d13f2482,653207.0
82691c1697b750102d3e2bf3a52e835d,653207.0
64f5b5e1666996df21c003deea146fc0,653207.0
48effc577a430a3675c399a3acd0e138,653207.0
8ff48b9186e501ba88519e763e5faa04,653207.0
beb2f3c166cc0a53cd4529cd203f00d6,653207.0
e1a7de300dfd4ee7058a0ed9836d928b,653207.0
dec63d95eaef15b69a6e2c69d2d2e1ca,888127.0
a2b086bc8ebd043c124df05ca7a7e26f,653207.0
69a6a19a397d06d10de6c07c64094b77,888127.0
ec4d76b6e3f923e139e4fa5efa7448a2,888127.0
36316fe0cc961f2f4528953c683f6743,653207.0
6a01b3d053ae15a06930030dcecc05bf,653207.0
75d462a87f56154d1291f0d374fc9651,653207.0
1fdb80371efeaf7e9cdec453da280643,653207.0
b46c990e88b8e948fa941bba91bc2fa3,653207.0
fa529c950002032bb681594b2a890479,653207.0
d10d6eddea2ff27f85e8d4bbc15279d5,653207.0
f33f48924c20421ea43211a6c0757ffa,653207.0
04ec9eacdaf3ca651ade501d8a3392d7,653207.0
a75023df27ee79516d39370fbafde45d,653207.0
b481e2c489d8e3bf23881ace4ec9229c,653207.0
facde8fae16a74d4ee60b487688263ed,653207.0
9353b7301bb5789a085947b69a8dfba1,888127.0
a02a1550ca5c0e8d8aaba7e46fa561eb,653207.0
a6caceab0037d47d180fc1960ab36734,653207.0
2c4cd40212f3d3697d3a1ebb49c1b8cb,653207.0
75e5028f9629076acd5edd69e35ffcc5,653207.0
08d953162d31f8750f7478651352880d,653207.0
aa75a0f467d2802d28fb93be4ac8affb,653207.0
7a5711d1e2814a190426a695d92aee3d,653207.0
8b10c48df9ca2de9d81985eb3a1307e1,653207.0
d55e1c7c48ea715fe183fbabed90fbb2,653207.0
87edacdaf9bce6495655ad3fb293e306,653207.0
0403effed651c75646f85731a4c498ea,653207.0
f49981c6d69e6d2ac445a4b239905662,653207.0
d974e66eabcc77413c80373c08a91db4,653207.0
1e77972fbfd930d6117d2883ff9f5c35,653207.0
d761abb6ec38ca878b47cfca958fab07,653207.0
891ac99bdf71ad326ccc9a2870d3aecf,653207.0
313a078f8e1c037fcc060e0726e3a758,888127.0
670861d2cc7d18d6b9d60c0505456db0,888127.0
c611a4bc7527e95161e2afc46668a75a,888127.0
50632b18d75c3e6df580a65cefbcc291,888127.0
52eafc5bf253e462d0598657c839dd3f,888127.0
d8cfef8e50c67542919d7ea306e0f09e,653207.0
547be235f401cb453e9e81d45d461b9e,653207.0
654f2072b9049ccacf0a32d2838501df,653207.0
326f1f61ccb5291df4e2ad0bb5ccabae,653207.0
84018deeca2a1e24a4d8315c8813542e,888127.0
7bafd8798d7d633763198f204dc85a8f,888127.0
7bc76253474881145087b9f5abf7af31,888127.0
8000bae8c3710f74beccc862bf712e2b,888127.0
aa8efc6b0777c689e1bece65d42d3f5d,653207.0
1abea373c035c39e1bfdb57ca09c23cb,653207.0
b1b96862a4d01de54511ebf7f01b5e44,653207.0
2898adafafe40d86b6694593916ec407,653207.0
8c937fb67b80cf0cfac9cdb718160473,653207.0
610b5ffdbc9f6a745816fb264db6ed8f,653207.0
b1657a4d47695c00d81e536ed83747cb,653207.0
d6da0c0524ebbdf681ce44ae61bfd191,653207.0
bcbf21e2719e0c6b6f47f96db0b25fad,653207.0
b759c97eb56d42adfca942f312ff72b8,653207.0
65906942880eb8d2650dd34a80e8c170,653207.0
c255fbfc78bc305e05a7895219b1cb68,888127.0
d103981902d5e80df8383343e2ce5362,888127.0
5a00c9ccd2e88b24d070e7388d2ff138,888127.0
90c2f9062553d1886be4f388457d8bea,888127.0
f4ed423d11e367250866c11dd14c3bcc,653207.0
375d634f6cbc0745ff888d0185960ce6,653207.0
b09076fe72ab474f92019986abd72f91,653207.0
4cacad533bcef037cba21f96d7372703,653207.0
0262ade28637776a9272acb845adc30f,653207.0
6787e63c41d5f936cbd990906f6a423a,653207.0
900ad9bb43041b88a9e4f012b1c4da42,653207.0
1eb4273552352558a8da2ec78fc04b92,653207.0
ab693d7ddb3441a18a755d88fedba67b,653207.0
4043daa4f296b8692ca11d02e7adc440,888127.0
83ef7edf27f0652d71557e5ccae215e6,888127.0
558a426c75db8ccfcbb63bb990d90e1a,888127.0
c61a96b6fee1bf8ae1c3d25fd5e43338,888127.0
eb168c93e96b73a0fff02f01225ae817,653207.0
00b642b702cfa79cff3394da7cbd69d7,653207.0
e078a95bf09b86b68f118905c7f82769,653207.0
63b1fdcd8de1836f11850855d6cc989b,653207.0
6f3d7d4d707ab9491fe3a0d2827e0398,653207.0
d5874b7a0ee664f4ab073cc76bac5606,653207.0
9c2bde430e635bf5063d9a65d62ad85e,653207.0
145d0a6572fb4ebdd1f32f3b25b1984b,653207.0
002b8b037028c3577e573796fa425656,653207.0
4c2feb215976e8faa474a24bb9268f50,653207.0
2e30e52b01a6a4c3f76136c96771a3fc,888127.0
03fad732aaeb7d315ec25085fb9ca56d,888127.0
b3ccca5dd738085982cb3ee8693f3bab,888127.0
058e7160e2f3e6144c65b2a1f041ce50,888127.0
f8e6d911885238021459cbf256738b50,888127.0
cd7f44d0309789e955742ae7494359d6,653207.0
6ad7b888c91f637aceda9aa4141aa10b,653207.0
b852883649bb4bca9ebce6d3b42b97a2,653207.0
ae035de65be61d124fff8893cc6a3898,653207.0
55b05748a69952e599fab7343b0247f4,653207.0
9595513afd2c7f98a2753393264d42ed,653207.0
174cbf4cbb7999cfcc6c17c60bd327a4,653207.0
522d66f8fa1b5980f608cffed3913bac,653207.0
be963a78289bc11464ed4ab345d08451,888127.0
4547c4221bcb61c9d94eff42e3bdf179,888127.0
0dae1a13e671f5a1b9fa998503efbdd1,888127.0
eb1443c18a40ac4ca60cecbe3702c772,653207.0
f4b6c3b8909c95b77467615c4f86496a,653207.0
a7b9b3c7aaebcfae61c1d78d6baacbea,653207.0
8a27ede740d1deb6351acf7a72291850,653207.0
f7c712a683aaf3ebf63ada96365f8119,653207.0
7d4ebaa042e57fc7771e59889f7b715f,653207.0
2be425b6049940e8a264d8a2a1df8cdd,653207.0
6b9ed0558f6873ba798fb93981d28b84,653207.0
6816df13492bcd8f5e6653b24143f94f,653207.0
a5ed0492066f0fcb26df820579153699,653207.0
0830b6a79eec335bcc8fd600878df9f2,888127.0
9aa55518d34c689894b8fd9607094492,888127.0
489ee23e80be483cab2f4491839ed9e3,888127.0
8d2e2a83ec8d6d64db4e2741eb9e20ab,653207.0
cd2758314d9122ea960a46e004b84c71,653207.0
ed92f560c09ca4e8e0b9d0cc0db74501,653207.0
6948adb728655f3c6df0c4fd338cb5f4,653207.0
0c8d3ae7b5dce626669a49db388e2717,653207.0
a0ceb305c3a73d144934d16a98e7a67a,653207.0
a00f2ee4c3795853c17cb8c17cb0c816,653207.0
dd2b796fa23bd7ab2e113faa1c4985b8,653207.0
b3b8175c80e4205a51821d2a8b213aa9,888127.0
b1a34d71ad05f0e846886d2809ce53d0,653207.0
ade692adca7d99efc718e194324646d8,653207.0
324dd4fc213bab2eabf47e570e36f710,888127.0
ecdc9ddad584c7483e898c7895a9ccac,888127.0
c7a5aadc1512055aefa475c659344268,888127.0
a9785292b2c70d4dd92e0793e818b286,888127.0
293ce4bb6d71ed072e8cb16f4652d6e6,888127.0
cbe0ee30cbf20e712b1143feaff58876,888127.0
4d54eec001416a358244d877bdca5d15,653207.0
55183332a4b5a51726467caa9e512f78,653207.0
0a10bcdafc6bf548e1bb966ba05f77b0,653207.0
76b76f45292ec793e32bb5cbe54d330f,653207.0
481dfc9c313785e898440a18ebef8884,653207.0
7657a501b508baa25ecdac7b44c9e374,653207.0
6e46b5440fddb47cc9e44feca865e784,888127.0
e1c798d937ff2f2893b6f2f6d09d9288,888127.0
2d44c89852f79e5d2fba72d9eaf70e5a,888127.0
5633cc60c7ec93195b1eb0e7cff72e7f,888127.0
a46240e268413d21d6c393c29d5cf7bc,888127.0
9c55c3fe04fefc8558c76bd4b86aa6f8,653207.0
ea26b94c69dcbbc99a573f51db7a2cd3,653207.0
a7d42b449bd75e1a3cd73e8d1fff73ad,653207.0
0f91515027809e0aa454c25881f7742d,653207.0
b6a771915e6cf6d83fbf49115caa2f93,653207.0
39916920bcd2e6495662d0e37bbdb51c,653207.0
216b74c9a7827e793d9698e3581fd3f3,888127.0
215e629d695fafeaf804f88f60f6805e,653207.0
097886e46b9dfaf42ec9cd98a2fc874e,888127.0
bb310c2b2781578ba9214bd20616a17d,888127.0
27f087f031d33300f7620ba5ebcad323,653207.0
3dca53c0e46b91eb93e929439f873a60,653207.0
d4804b9502908107500918abdd79b2e3,653207.0
78787cc013d414a55db0ec1f3a39355b,653207.0
70cd9a31df22a6f90e35802e76c863fd,653207.0
b350a6da90547c8a193d473fa0d15c36,653207.0
2bc610964f8c4ffd65d042759edf75ab,653207.0
1c5cbea1d66ab67996c207eb5a663d1c,653207.0
e3e695942af7c1f5c44b8a9db267fe14,653207.0
4609377807f2054cf2da98c827818eea,653207.0
bf9176c23e358bcd01cdf3e74c2bfabf,653207.0
5a23fd3a7707bf5f08630c138844153b,653207.0
9c36404feabbc03feb2d2da2ac50d322,888127.0
4242b09fca09f6d12cd9744e46b1734e,888127.0
f484dacedd10fe09dd06360d6f8f547d,888127.0
af11dfd5d13151073aa4a8c7ab42425d,653207.0
12b54c274f10376cdefb3ef528ce9467,653207.0
1e0a9172c90615bd7fba63daff7bf6ec,653207.0
68d9503d79e84102eb433d0c6e4106b4,653207.0
01c60248acdf69e236e2f8632b24fb5f,653207.0
3629308246f558f38aa00981d3c8eda3,653207.0
cf0ea287204cc072d38ec86feba91908,653207.0
a6d2a14e71c87c7fb24bf2bf848fdc89,653207.0
eaa43c12565a02b9a43835cf76d81e0c,653207.0
fa4b8b481103ce22a1f34e7c0d98f812,888127.0
877d4054d3f3c4feb1403d9f6e1cf953,888127.0
d89e817a1575eadf934554653613b589,653207.0
371a2c20f34ffed7978e3e46a7ede0c7,653207.0
3eac7c36391322eff108a924dbdb75a9,653207.0
9e1af53c9ca62bc50d1e6873e1dc3ae0,653207.0
f755eb6d50089bb011d5d8fab9e277bf,653207.0
61d8236d708c5cc7a7d4f567692e99ce,653207.0
ff5a5d3fdc1512050b70a0fe166c4359,653207.0
38ef322ec016f897ea34902484e48cc1,653207.0
7c4ad7b2add762f41e7085f8b68a1ad7,653207.0
c64ad89a8993da2b6ffc90bffe14d609,653207.0
59f2e41cd8fb039a3d26dd9288c7dd89,653207.0
9aa7f582e15bbaac9965553821d07234,888127.0
87eeccba798086aba30491b78b4fb8c6,888127.0
24da8b8dfbc66915a00865aed7861e42,888127.0
5281a6d81e03f39a510705d695db6987,653207.0
b5e4dc929f6987a5e0db985a3f133be8,653207.0
a217a25ae3c770e2a9ff1cf10d2c71e7,653207.0
c06393d64e56f52355708ee8dd82fad6,653207.0
b4bd4225a0fbc87f943878c59eaf67c8,653207.0
064f768c842e10ab4fbf93dc6df77e5d,653207.0
39f78b207edba3f0259e529382892952,653207.0
e8b803bb6d00dfede001a80d7b6402cd,653207.0
a9ad3635eee1f0d68399a7558b455b56,653207.0
21843a0529989084353e757a14186eae,888127.0
f7425c3546cf4ca07d5a0536f6fbca02,888127.0
20422ec14c13050d076930c23a30428f,888127.0
ef1130d1b6eff3bed9085fc027e009eb,888127.0
08f22d09a38754723122f3a801c0fe41,653207.0
fae1fc94072c2fdbd591548951b43e5f,653207.0
f18b508c714e7ed90ee6af47b51866c6,653207.0
37d84c4d0a029e7772db3f2859ef4bbf,653207.0
afa73693fcc8e493b57e0521aefc685c,653207.0
9c64e5bde46cc1c5a4751451b4d38c05,653207.0
a66241da66c42e04e924939a3192a181,888127.0
44dfa5e5151ff96044506491945ff4bd,653207.0
e59b94ff1d1a209debc5fe6333297491,653207.0
b819bba79d56098c7351d93605b455f5,653207.0
6e3c982711ba87eae3800919ba2b3609,653207.0
7d8b73b64c1c4d83f18d98e54b047865,653207.0
0ca3c61942c0c22b39918f842a9ca142,653207.0
b4318ec64443c492b96c1f81d0526bc5,653207.0
6da32fcbc71c1a07baa48904da5d3005,653207.0
a1ac0769376a32dc8bc57680d3ee5f45,653207.0
2939e31bc4cc3eb70a338a172d6a22e9,653207.0
409e90e3ae7e346adb881b89d803e40a,653207.0
16626d8b7e28cde53394535e69a580c6,888127.0
7a456ee95ac4b21c0bec2effc55e3e9b,888127.0
65eddac9f461db49f586e86625877334,653207.0
0287cbef4301deb6aa1eae8ac339c74c,653207.0
78b0e26855d6911575afcaad3a213f11,653207.0
ac48d36663a5168c85739188559e518b,653207.0
bb74fb5e1ca90f3ff1c9c56cc53e8be9,653207.0
f0e7501582f951b8100d96cfe707eef8,653207.0
96400d039c0b72f07735668a8cd3b96e,653207.0
5bf9bd184d46c8722ecfb7669256fd61,653207.0
85755518910857e1cc4b5b4171b0e55f,653207.0
37fa7f81c4f1aaebd994e7d2c3eff2a0,653207.0
ba0f15c69512ed5a7ab91ae78ddc0bdc,888127.0
083144856fd18d57199190cf7d8e4412,888127.0
b76bd902985ff3180e528d4cf992d31b,888127.0
dcff798952dd0c81842789ef561a3c69,653207.0
5d6e1dc88dcdd4e7c9edd9225cc37b68,653207.0
3c36650cad2be1a39e0a136d2a759315,653207.0
035ca6db203c0478d0e8dcb9a75446ad,653207.0
18df200d56bc2df3b6a30b6faafa3e16,653207.0
5363ea9e2764482824a7a1b03ca31484,653207.0
e039e710fd66b4f55213981eb20f671f,653207.0
a0a09db9654c3b58daf56d344b879ca6,653207.0
d33d51fe8b4cc5e39cfd293cecac5298,653207.0
e43228778855ee07f7c7aae5e580f77b,888127.0
33c16412e04ad37aa6141ccfc910df7b,888127.0
1af4697e45b9b604e761622a503a0423,888127.0
f3db06cef651a213d3c67e2344fe924b,653207.0
5d35fcb92c3a2dab4eb78ef66e18a908,653207.0
a41471474fee045a09e46624201ed639,653207.0
d50ab9ae20b5c7bf068e40f21e125444,653207.0
1786c7daa337851752342ae8018cfd87,653207.0
7326fb0aad6e00613e6b4aa6fbaa7730,653207.0
d011027f1ceea3cbf9a1627f99ad5178,653207.0
82e42e3a06c83ad7e36856ca4b755843,653207.0
d3d86f021660c716732d0df09cad3f62,653207.0
2a20d637f9333189fc55b0ca599441ed,653207.0
b63b1f3d858af3040bdb2208e7e2d289,888127.0
3ad8ddb8108493007d0c67795c2ec33e,888127.0
d24baaf285471c43306eb16c535b3cfe,888127.0
758bf0819da9bb33dde1b9b86a50c485,888127.0
de6a094ab9e863897d0c3346c751542b,888127.0
0238f9937f1495a7fd878d7b323476ba,653207.0
7fa55bbf234a1f755d0f4e752325553b,653207.0
466dbc50fd1806223b8605b2f4fb67f8,653207.0
307e799ba49289bd43a20f5d014acffb,653207.0
cd01d51c9fe132f88422b64bdb58b624,653207.0
4d8503f664e917780777da9e163377ce,653207.0
07a4a3c343ad422c03926d1ebcf7dfb2,653207.0
3e0d7f277a6080d1d0672208eaebbfa4,653207.0
1d7e78069fcd978f1f0b26045b1019ab,653207.0
313fea68b9ae11778ed8e7e4a9601845,888127.0
0bb4420329459e246801ad4fb10f4665,653207.0
18753d415c77996409fe53ec22d787f6,653207.0
c0a99261e2e0d705ffeb190130134ea3,653207.0
4807e7c3d29f6b12835e9f4a13c9366b,653207.0
22145d802e2431d21b43c1afa16e8033,653207.0
93fb2b8c0de5abe3eb90e303961300fa,888127.0
038db2a6ff78c0cc2547562c14dc9cd8,888127.0
51c168b681dcac52494f7370df06469f,653207.0
f0e18f02260842ed42ebdd2abe13f03f,888127.0
77da8d4b324dc223529528f39b767113,888127.0
e486099ede0efc16c83e339cb190f22b,888127.0
c116027f746237f73d544e5e2108faf4,653207.0
577dc19c188acddf140f8dcfc1d2da8f,653207.0
898b68662e83e6a22244909161df24fb,653207.0
cc272161d6b2ef4bead2572ac44bc714,653207.0
e7661383d1ae4c162963d68f4ecd4b4b,653207.0
50b1025440db50e67fab0874bce2f15c,653207.0
b97f5070045d5063720364851bc9be1e,653207.0
13e2ab64afd43664d6b482b858c51e11,888127.0
8680f0c50432c78d88c49afc62c0cca4,653207.0
dafb7d4fee79f4c7470858cfad3057e5,653207.0
818f22e18cda07b0b70b7ce74855cb3c,888127.0
1613659000c97164da6fc537cbb18c96,888127.0
0a101457db048000eea7dc9675c5a4a3,888127.0
ae8b555fa0cc0934fe928cec051951cd,888127.0
5dfd6abbf8ec995c8d7467f2a7c4878e,653207.0
ef6566c73df71ef3da9d35d4725d1177,653207.0
0074b9f7ce4b8be65a55642195e53de0,653207.0
723bd0df730ec363edadcea4977f8ddd,653207.0
3d45ff49385ae4b90a6b6fa175c76d7b,653207.0
86e8cab99e182bbb288ce4b5e9f79dd6,653207.0
a35289283f9c9d84d22e93dcee36c59c,653207.0
f304e17b57a54675679be418a7fcebfc,888127.0
96f82872e92eb1f9507cd83add7caaba,653207.0
34d12a3109694895d8e68911cef9005e,653207.0
22de65c50e4bda82421f67be07505aca,653207.0
a24e5a008ea5fea392e4ad8afacdafff,653207.0
f6faa9032ca4424dc7eb36cd40d4235a,653207.0
1d3bf47fe095e448bb5612d0ad70a39a,653207.0
e761ead40ba2e54fa63d04af99dee9f1,653207.0
843c8c7b47633e04385e8bc26e4989c1,653207.0
1ed6b564733553d6e8d5a78501466f8e,653207.0
be9f868d3a364556737f32a15681dd07,653207.0
47d0b9da43c43e4ef6094fd8de102ed2,653207.0
5899515a5f358de01e36547413ac0620,653207.0
44c9e4fac061b58dbbb128f017256f54,888127.0
467a328309549e132b73ff9601cad783,888127.0
58904dc3717954b5cee33df01a9be9e7,653207.0
bb038fc2fe4543d23a76807326ba6429,653207.0
e7f9b9480913c10414bebc14e9bdf4e7,653207.0
98c3878755ba8208ab5860bc8ee01721,653207.0
30b322989555dee29998afba1fbcb779,653207.0
ab853342dca90821f56eafcdfdb78d67,653207.0
affbe51248541990c174925e78eceb69,653207.0
f9482e4ea383d7a3b18a1f8f7305d14c,653207.0
27e048748ba8f439b3c1c8df9feae5a9,653207.0
d5028057341d7458dd446e7524a44930,888127.0
a6ff345da6cef61581bc15928e26c95d,888127.0
819d75400a786af04b88764ac8c6bbe0,653207.0
86d0cd6883bdf96afbed25049f20f74e,653207.0
28a61291d2eb2b994f194b7c7c27ece3,653207.0
229c73fe3eedb4f10feedbec7f5333f4,653207.0
d4755f4879f5e5eadef750bce63ac953,653207.0
c27435e097bc11345402c887df37d605,653207.0
0cc73c89ac3809b20e5b991d4f579c4f,653207.0
b3d0014826f511fb86aa6ee624478cb0,653207.0
6b6b2d24ae570ef7ae3b5bd27f14033e,653207.0
5cc6adec2600cfb1749faf9f676cb0ac,888127.0
724ec4bf6107c1f0a3dd8b8358725a8d,888127.0
7cb5321ff69882c25527af5f72bc83b0,888127.0
dfbff18d4e520065e8a77b7229585b28,888127.0
4cb76535fcf22fa2a03051bf97b7e41c,653207.0
191e3c62af6dbf071e4ee31c897991ec,653207.0
aa7ff3bbf3cc56578a6c99475a8fd512,653207.0
859f113f3a61f9721ee08ee5c787df80,653207.0
4e374f6f8101b1e370b04c6bd90c1f6d,653207.0
35db4b1abb4b65a81c4f93dfcffff717,653207.0
eab6a42a50737fad3b3d4b484982bc5d,653207.0
139202a76aa9e1ee7d950a352e71da43,653207.0
474379c5288ef306b4f2541c974611a0,653207.0
a7c36572ee13f9ae0bc89cbabdb2821e,888127.0
c10af6e525daf3a5291415ce5bbdafef,888127.0
c491fd2a78ccc994f71ff7bba7cd6e7d,888127.0
0de25280a9cce703759a0f60fed2c55d,888127.0
a7dea1060fb9cf268580afe89758ff32,653207.0
083d8b03f0f931dba131de12a332aa86,653207.0
bebe017c4f625111ced0b61ff3b7b981,653207.0
ea5d31dac3fc830af0932b8d95c81763,653207.0
b787d71b0eb27e254ef2977462a2fdc2,653207.0
f90407e763eee5e9d39f1f3c65231c0d,653207.0
e6ddf8b7d3e11b28d95bc117616c7962,653207.0
87d5d5ff2ec328065bb6b5259b752c19,653207.0
80fce2b26bb6628e03402cffc3caae58,888127.0
87a021922c0ee6a2f891e49b33609dcd,888127.0
ddcd19b87982fdf1b0c6ea49252efe85,653207.0
6ccd86e8b7502ae426e26f72d5489e80,653207.0
2e470af27ec1f3b99275111af0bd40e8,653207.0
a7262b94f00792031dfc31929297c316,653207.0
9c93e405ac7dadb8b7d736cb4e50a7c9,653207.0
31a39c16625477e87fe112a8b71233f2,653207.0
1cacb852c8eadbcde71d6cd4583f260a,653207.0
12fe8b9bd9f1d081be05969d15e354c2,888127.0
e8cdf16e5fbe1545a201ad3266f3215f,888127.0
92f7d29f747fcc7787eb643f57eca643,653207.0
2f00827b317b11d8ae356bd8b883a2f3,653207.0
a7b3b0c7bf9d3fbfd85f6143094acfb4,888127.0
66f92e4678d2674a37d072bff5094d6d,888127.0
26743ed71d3305328c3ef15d1c548f25,653207.0
b66e0801182ab6b8d9ee4cf17d6f2c6d,653207.0
ff759974ba929a3c5ccbfb82a93c0ad8,653207.0
86a5bb3f051c0396f3e880bf8680829a,653207.0
95a0f22c089fc8e40646f88220255381,653207.0
1bf8fb971d51c864d6de56b7aaa1c4aa,653207.0
30014351f033ac49439e68a99a816b4f,653207.0
c225752bf4e6788a7e02829fe2cd4336,653207.0
f32efc64a82ab8d65350bbe9e92a30f5,653207.0
fa42ed07392dfb97b8406c4852270e30,888127.0
5de92508d556fd16821c8f9c7973542c,888127.0
18d231b2797f4e69fbe934800d5d7223,888127.0
1a06401039b0144dc679fdd8fce6c939,888127.0
8ec077c60c32528569cfbaf6a5e16902,653207.0
1e7abe024b868aac437fa06a08541ba0,653207.0
3225924710a35fbf4fbf6bb9d45f0b65,653207.0
5cab8cf1b65ea8c3b07c6e90522e01b5,653207.0
3ee5a9794bf6fddf2874e579b4442c60,653207.0
8ce2bfce2d8f7832818f8f4e24779359,653207.0
c6462b08286aa6c3c273816a122819df,653207.0
ca7f2c0525489da0e19edd959a364271,653207.0
74fb30f635dc09382b3621c44d66a6cb,653207.0
f9a551868c98429720758c736f5249f5,888127.0
d2ca6ae3b90b928f5e6688eb4d3ff23f,888127.0
bd01cfcbb63fc0974357ed12a5c51341,653207.0
4d7234cd9d76e67439b095e2d4daaadc,653207.0
64dfcef0af1f3b08b3e5806640b4df39,653207.0
4cd664611162f62bc23a93deadcdbaee,653207.0
1a1103ff077c986a2e1d49310fee61f5,653207.0
9b2c4651ae40f2ea027ef86ab83435b3,653207.0
8c1dedad7449cf73c8119f95b2c5b679,888127.0
a73a9641395043162676d290da1cbd13,888127.0
19678fe9bcae4f0b65ab27c8f3b4b445,888127.0
d79861794feb608dc9c0e1eff89aecf1,653207.0
83fe763ad4a79c119617d04168772526,653207.0
316a3b8684620dfa66552db3213f94fa,653207.0
c5e948d32fd04aacd59a722cd8ccf72b,653207.0
223e86498d294f91ca089476bf1b053a,653207.0
a3a3c758c92e7b00a9e282b77412d740,653207.0
fd37e9fb095d7a0bf530c0a311da30c8,653207.0
4e740143e25bb5cf063c49058093d7fa,653207.0
70a54aff0ee1ef432266d408a9bde9ff,653207.0
397718d4ec8e0be5ebe03cece1f77a1d,653207.0
cac3f1b484258890727223c319b84a7e,653207.0
96ea156f37687e50ed467f359330de33,888127.0
fb2c56d566a7ad5a8e8fea0f8c66a6d5,653207.0
749a18312bffc724b3ab83a9099ea917,653207.0
b0c476d6f71e33f0373f0a81cf418cd1,653207.0
9462308a2d0b90c02fa9b32316fc9f28,653207.0
170efb0e917254e3d5982c067636ad9d,653207.0
f247249bb8bd4391f8c804e2d227f3c5,653207.0
128f350d8400f16d64feca821648aab7,653207.0
c259f16190d4b6c353511d5ee976cefe,888127.0
1863af10c90729a209adf62d76d8fb31,653207.0
647a1f53ae440336053fae2572956fa9,888127.0
c86b6257df368542701769034c26568d,888127.0
0c2e8953527622a6cfe94869d033df4f,653207.0
8374595ba16d18215c1ef4def658f03e,653207.0
46c309abbdc6d5bdd34c3002be4495ac,653207.0
c6c1dd74abda3ef93f50376f38dd36a3,653207.0
3c5c63263d961039cfc3e833a43b9f25,653207.0
d98830c73f3ce0514ed9951c95b95bf7,653207.0
44db84a8c9105e71351fac06f4c2bb34,653207.0
af4a39bedfd25403df5a8eb9920a9d43,653207.0
831baf58b1b7fb2d996b7d562d9ca11f,888127.0
8a01bf3c7bfc86f4c140a7dc4ee22cdc,888127.0
3c465ed1a9febed356453953908f45a9,888127.0
90a9937d599100ae1b1dd2336a07fe69,888127.0
a7f311c321d907c3e303b2fcbac64dfd,888127.0
ff1647decf8b8ed4820c52f5f498a21b,888127.0
0c737984d0a5401332233ae203cd3cb3,653207.0
bddd6520aa44674b42273011ed8863e7,653207.0
4c0998a5953c1195af5fca7e8940a566,653207.0
f076ec134ae0d05f31734e2b4ab01807,653207.0
006448c482a8c87e620ed110a22c7a40,653207.0
d2028d6c4648fde2de02a701b791e25f,653207.0
f856a48dc8f4d5ad2fa89c623e87fb5c,888127.0
93aada1bbb74424f7329530a175c35b5,888127.0
2eb92c59f043b53f817beab676eec463,888127.0
9c475349950cf554d0666f27b639c7b9,653207.0
729e11f9e94cff9138d9b8699d8331c5,653207.0
ed04f9a9d0892544d4e621254e2edea9,653207.0
ee1796f4f81fce818d86bad5586531d3,653207.0
586628ff8ea4ae5d7348956d85c4c25e,653207.0
0599d151c144f904acbf75bd4425fc1d,653207.0
50cf7b8a21321fcf0a22f8b9160b5069,653207.0
878d8aa557a34fb059442b1b4a6940ab,653207.0
bef716d27d01b3f50e4e95daa2618ecd,653207.0
4680b3976024508c0e7a20ba4d0845a7,888127.0
fa3c8144869cfc790eb77adbe2b06692,888127.0
dae0e7e044f69eabef69f1fb4d3995e0,653207.0
a4e058ba4ac931ca682801ca6463e57e,653207.0
31700b79398b25cd84247f79f3b362fe,653207.0
391520c4d0e39099813fc33d7bdc66c4,653207.0
26f86e8c540f44094919a406f3a69220,653207.0
a595b7c2bb55247cb4690a58ea296a51,653207.0
0778f4461bf5904c003f5e3cef560093,653207.0
f0c9b6a64289bfcf0b25d2c8765aff7b,653207.0
7f57117287425f53946e1e68d735a6ae,888127.0
872a3713c176756ea9930a81addedbd6,888127.0
e33f51142d01e4b27347e0a44be12364,888127.0
05295854612c208a3cb4817efacedf9d,653207.0
fb90416a9d7afecbf46754eae3db91d8,653207.0
82abbb8255bd692e53abec3921932a1a,653207.0
6303bf87aac633ad1cab87b866e2d53c,653207.0
ae88a85fd04ff2f1926b3a125a1fa4ae,653207.0
321f46fcf64dd57ba06bfc17f3ae46f5,653207.0
1e8ceefdb9fd8d150c5fa2d2151a6ddc,653207.0
c8e2f0ac1b02ac331ca7885bc75af575,653207.0
534426d1d144bfcc59c3fff8d0ee2453,653207.0
2e6a0965b552389c8f3fbd465a4ea046,888127.0
25ef22f19e0c197275ea7b12a07a7292,888127.0
16aceda12e1726b88f2d5b2b25dbcb8f,888127.0
72b8f1f06560e585f6df21caa51fbbdd,888127.0
7d08051750585d3806db42b4ae1d5e72,888127.0
282cd64472200582aaa86e755672642f,653207.0
b4f4daa1954b39fc3a599c8e6086d5d8,653207.0
0d6b846005e4c0cddc68c3fa3b62f358,653207.0
b297ae24daa097d9fb66ede555cf780a,653207.0
a239ebd60a0272fd5cce0ceeece9e4eb,653207.0
7b776f37a9695911226e648a6aefed53,888127.0
cdc995e9672fa92b198ca0a5319c6eec,888127.0
49364d60e2351e708ff307ed5e451d06,888127.0
ee9fb7222e71bc0c86240774450251ef,653207.0
a7c3d15b234c5f4ec8b8c111383937d8,653207.0
a816e796fd4370cd3cbaa93ec7a9c20e,653207.0
716e6767be02f4de97a7f2c1b27c2671,653207.0
91af517ab3677dd87f510602b115857e,653207.0
6b9d1dacdd706ae4c032f11084a509ef,653207.0
66241377656768560e374578dcc3e40f,653207.0
ec5bd0c70f616721140525ebb7d90e26,653207.0
c096b3f02b16c2fb224441cc346c4d74,888127.0
dfdf82ba4c01863813a6714b5cb42f11,888127.0
762f252db1183af5c779ce4c8faaa8da,653207.0
9de8ddc205d62c8caafba6aad6c4ca4d,653207.0
d0ca5bd1fe8a282c3dc2d6dcdcb3d6a6,653207.0
a941db63e945a74b715b18f3009b9611,653207.0
6e783a23fffdd0a0388a4e49fb6dfcc5,653207.0
67ee8b3b579b1679ac17e9731229b8de,653207.0
86f77fdb691ba856fc0e4b4810a159ce,653207.0
aa1ecccbfeb7f428136d8b5ee7b58270,653207.0
ba0a1f1fa9e8483a167c0799cb242861,888127.0
9bc96db801e3cac074a4cef8d5104e34,888127.0
99bc88ae2ce9f5c6c038056dc7d4a86f,888127.0
5168b3b500724fb15563b41c5cbf4e20,888127.0
d50159bb0085c012539157bf1bda77d0,653207.0
a96929b25a3011868a30619b51b8c31f,653207.0
511db66935752f558b7785e3b4af569d,653207.0
a381ff96401d3b2c8e7fb7892d72bfbc,653207.0
e92f5e30555e11de90613498361111b1,653207.0
1479753ea04c59f1f5ff3c06a26f18ee,653207.0
c4eec7c26642af15c1e0f608383225b0,653207.0
723da1acfd25107c356bfdd79aa7b166,888127.0
004489ccd615b61cb16e348418923a11,888127.0
db5d9ec5358e5d29f8c7aab0b2cd1153,653207.0
db9bca0234a6237d1282f0772236282c,653207.0
403ce67169a681aea195f38882f35b25,653207.0
287ff7aede936d8f9d5ef92daec7ab03,653207.0
3661468197244cd4b95e483a5a05deee,653207.0
15ee8d7c74c4d5d318499b083b04e829,653207.0
b20820ce5a31bbc43615fd06011c638e,653207.0
17e23ed7d279dc79e72c3b2cfcb463ad,653207.0
ad436a30c37468d403c466861faff97a,653207.0
3d6116f3b63cefa356d81e8028438290,653207.0
a3f30ccf053b1f23626a2b81defa0f57,653207.0
a4546f13daf27a91f08bde4f86623a6a,888127.0
560809e2cce1507c7573afd396a5b9d8,888127.0
19f6e2a123c4ab8b20cfad141aaff3fe,888127.0
d44df1ab5e3b8d5974cdd5c941d549fe,888127.0
95ccb64108baf51bfbe5c2b193dec271,653207.0
1f5f1b43cc0fa0b7f4fdccdec596e330,653207.0
8f4082f71b6d11a2d9f505ece196c8f6,653207.0
5f5a3e9506c625e2b9fd442644f43d2a,653207.0
29c734fd1403c54dc0846e07ba094b63,653207.0
a5c5bbec4862635b879389a6d8a901e5,888127.0
6457064f0eaafaf6dd74843e6e3b8b46,888127.0
a34df1c92f1f17f93da6d67b27c07d10,888127.0
60cd158ef80e2a54de48e8b220054dbd,653207.0
f98c4a9193d9a4fd2c7a51012c7a2e84,653207.0
85ebf0ca9fce0e0e112e13d05af84358,653207.0
eba8a54cc8291da013d2c520eeff36a6,653207.0
cdbfefa8d2c41515f05b9fe99c6641ee,653207.0
e6ee6b494d7f312862c774daea04bb91,653207.0
84a1b4161238f9a6c0ee0495dfef6535,653207.0
2a630d4ced4475c33b1d24f0822d5fb0,653207.0
ccae0630a6e411d5c868eb8897fad96f,653207.0
78b1126175f7bc6815adc670afc575f1,653207.0
6ad21dc7710d4cef9fbc15c28aff6aba,653207.0
e9ca8914a9ef25058c19a042d63a2585,653207.0
922878a60d435ebb7f13291fa0578734,653207.0
5cda00ab5f8340677ab7d0739cb2dbf3,653207.0
084fed626d59cdfc81ca9b49eb3881a5,653207.0
46966e18b14d83d998a577a245d74b68,653207.0
80c20e6c8064394c0136fb7675a162e6,653207.0
5fc15886ae22f9e66e34545a13e5d985,653207.0
20a4206f7d7c6854a118f36bcbf56c7b,653207.0
7edc272ab1e2757a83300239cd1c6125,653207.0
7a033dae0846d44a172d14abd7e77ced,888127.0
d047a3bb99dca67954004fc8ceac5e70,888127.0
61a10247c29b9b41c8d13510a5d581bb,888127.0
4bf207578dcac87e384ef13bfab7a47c,888127.0
13e484bf8789ec2d9fae1ca7b6740414,653207.0
f566f17e5a229c19a1678d40d730ea8c,653207.0
97c104c8035a7965ee71163a946d5879,653207.0
c061d4f7696b076efc5d8d1d65945678,653207.0
67ad51ee3ab27907ed41dad527eeb8ac,653207.0
358c2c08d9be37117d661d2be8d1c8b2,888127.0
203968eeed1ac595dfdb5f4f08e9d776,653207.0
2047399f296ff510bef7829b354505ad,653207.0
703555ee11f1ad9c7a604931fcb9dd7c,888127.0
b7a60957eb3d8003749a4e6081291776,888127.0
63fafd130388fd6c3c65d85a0f810af7,888127.0
98c1db2c71e80e21731128884cb92e01,653207.0
c3534442176863c762d1ad627667f456,653207.0
bd7dcba588172f6cd17e89ef2a7e1a7d,653207.0
db6391c8e220e8618342e341de21af36,653207.0
4d177b3caafa1042e8369f3f348979d8,653207.0
ab322d78e919ba19e193b02544188c78,653207.0
a339db529a24a8ba0969324cd4067c22,888127.0
91e3ecdc1fb9c1c859331e9b5a1a3aff,888127.0
3a50223459aaec00c3233d682c86586d,888127.0
6658b31150c246f1987b140b651cbae3,653207.0
8384a59bc168928cab9d1ff093f0daa3,653207.0
cfaa5fbae36081bdcd7ba0f4f7e3d538,653207.0
b8bc95bc0cdc8592a77ece0d9883d16d,653207.0
09be70f31f9d7a523f829e1eb4073d87,653207.0
11f489c0442d7dd463d5d1198440cda7,653207.0
422d83d4a58daad6bd17477aa5870640,653207.0
dc165921975efdfac89cc927b2a6e263,888127.0
ebd32c212f86ed6674ffbaf441f2ce80,888127.0
ca00396a7ac9ca34c08eeeecb03685a1,653207.0
b603ab2a414e5e0a0e45d5dee9804cfd,653207.0
82fdf562a2412985599ddcd1bf3dac06,653207.0
6bb14c4dff12c1ec06de3ce51b0ba79d,653207.0
a4a71757dd49d05f36b82ed99b389a7f,653207.0
1c7f34e053853ff96929f5d6b8a0c2c2,653207.0
f0493249c28c5bc261242454450d0c22,653207.0
bd04c36c6e4bcd447eeddeba0eab9f69,888127.0
0c9e8757e501fbe80e3fd45fca06a363,888127.0
dfa4595f211185da14a3dd540f97ef3a,888127.0
5c7b0fe88bd2f0ca7f58a5195541946d,888127.0
e254115c995ddfba605a79481bd87353,888127.0
a41e0754dd3cae95ee48699c0329b3e0,653207.0
bbe03a00523fcbaf40d6e7361df7aa08,653207.0
cfe82d532ac7fd08915a5d1611d5ab56,653207.0
3aeddee8a31a5507fd477b346bf22cd1,653207.0
83f20ba0f41c1975c8a3ba3b6f002162,653207.0
0eb85ea0d6f6b527a197217674138c61,888127.0
e466265fe7dc51a071262024e152f0e1,653207.0
6daee0570793e9b52dbfe1a732addfcd,888127.0
149a0c5292388f42074488d1ce5a1f67,653207.0
06ee89395080e980fc3f3e51645d998d,653207.0
9c587bda351f789dab72d3f3758f2bf6,653207.0
72f5d9e8f1efebf7a0a6ae7e56d4e31f,653207.0
8f3d407a2957f2e20ef68725ade596cf,653207.0
87902f54c70595e25931a9e3567ee0f9,653207.0
f827d3e2d1e8ad6570d2c56fd3d84359,653207.0
c55854e7c62a241ea54abd44c1b3fe85,653207.0
68f1704d0809ab062c51ecff4a27089a,653207.0
9102e9701db7e663aad1766733fc02f2,888127.0
f858c9dd618910f7e00af4d0f498542f,888127.0
b2b06d4c9df6e0a78ae4489325762dff,888127.0
b853d0432a0e738e2d4ea0e4a310c87f,888127.0
ff06e16feb4cf1abebc77ea5dbca3c4d,888127.0
8631662b1c98ae848c734ce6db967e68,653207.0
e5165cf5b3be00b87065b4bd1863e699,653207.0
2ccbb8d754aeae3ab5aa0dc2e580dd57,653207.0
b4310bee4688aa3fadf3b874f3be9736,653207.0
1aae34330d951fe7a48f6a3909f76066,653207.0
61edc668e5992f084e1422a4b76b9e5b,888127.0
636e7323514aa4807e918ddf1c45a481,653207.0
9b4adf5782b0b9cac20fc56abd3b5082,653207.0
2aa499a58fa2ba242ba4b4ad54bfe70b,653207.0
0890eaa095621d20549d54ef68dfed8d,653207.0
772d398a0d500cc1062763e15a0912ec,653207.0
dc589bde8b5eba30ef58e69940599523,653207.0
04c2908efb06860f7ac59b3ebba03426,653207.0
919ff711518a286d3ae3cf5d5df3b2fb,653207.0
61b38392993f6c034a0178e21838de9b,888127.0
1e379ab5a621ab59ef807ad9dff22254,888127.0
11f67825c81402308e0c0228ffc5a846,653207.0
cd013c13a14cfee2c1b21059a90eed9b,653207.0
4a6b08b67d5245c2106c77bb3d3ccaf1,653207.0
3c600c5a56da48b2da763598c04c4228,653207.0
ad5068cf508e323d96ebb1e6c7eeef6a,653207.0
facf4cec710336a7552de5f2a8857707,653207.0
717c3e27aeb4eaf48cbf55b84344c1a4,653207.0
2c7b5b63ecf9ee883e60bf52ff9b52ee,653207.0
72276352986cd4523249c095d115ca69,653207.0
377291731c8c84947f5876e172bbc7d7,888127.0
eb1ce1a9bfb1ba5a40206f0d7a822c66,888127.0
392f30f75c2f11f01f791bdbedc4cf6d,888127.0
95cb740e100c6066dd94f3305da5dbdd,653207.0
24100ae4c7ec6c10253f2f5563bdd124,653207.0
d7141c630db57bc80950a07720ee99ef,653207.0
07d7b074f1dbc50d183677916ebd035a,653207.0
95dabb7c4002245944d2e6e9e04914ef,653207.0
b4f54657abf8448314bebdffd0dbfc4a,888127.0
fc04a4a4df5cb018695c591091310dd8,888127.0
3231bf4a3667d88f12ef6c7cd175afcf,888127.0
97ba08e21abd4c671562c2ab330dccf5,888127.0
8d43a4dc6a849475e2e0285100650de9,653207.0
c851f98c6b2d5f79fac180909ac5e988,653207.0
33787a161e3fed8d9208d8ad6d4250a3,653207.0
3357618b35afd7211cda34716783184a,653207.0
67d22f61e35ecc3b08cf740fc303c032,653207.0
bfba88c767f35959193ede2458e8f3c6,653207.0
869a668fdc36cbe969b9dcef251ecb04,653207.0
bf1a6ac437de333a2cba018da13b9201,888127.0
7bb2343ac912f293b597d0c98987c96a,888127.0
6e877f147e0ebc8caca164a75366b508,888127.0
e47ef30e62cfe7ba14fc6197d9ef91c4,653207.0
c64038cbb1e473cef40b6601ace8a55e,653207.0
e25c76853c3c59563cda6986b10ed93e,653207.0
c224c39a77aee273fd26055dd91f6255,653207.0
99169c3e7b3e123e28760da755411482,653207.0
95b91478993f0c653efabdae035ea6f6,653207.0
cff57ee4b2883017b948cefd3c2375da,888127.0
4fd50dd47e3bc6b99b6e010f4825ad15,888127.0
b9252f2bd0132fa585b8bdd68d3539bf,888127.0
c445e68017a28506afde3a922e2fdd2e,888127.0
3e18e88b3ab47c074fa4e7fb2ae3e522,888127.0
bb5255d7eaaf073a05fb6358f0e9472f,653207.0
9d8163aeb3ab6af89f3808852499e8cd,653207.0
3ae07cf984b36e568e48b8ab16a8b30a,653207.0
5eb9f838b6221aad7543b47aa70bcf66,653207.0
138e331a3cd95d1499deb77d5a845e26,653207.0
4871eec5a08b875bd63cfa16d7fb5f8e,888127.0
5e472a812fceae1721bbbf7f8c47f060,653207.0
1a64850799c1de622ee477420e0b8df9,653207.0
be8886682571165b8e305143957de987,653207.0
fb53e3386a27e8e270bad04bb85e306e,888127.0
1fc29e6fce0ee0a33baa82bc85bbce55,888127.0
d9b187b3b5c44e21205c3103c5a19934,888127.0
e61f25916fd3e3d6bbcf3b64ca965f61,653207.0
8c96086c3a3a9fb29842fd1e717d3705,653207.0
95fb3e41efb6c9fa40425439c4e8a9e7,653207.0
939879b7d8fdb90d38ce97b59b17edbd,653207.0
0097642f953a76d08049672f6c38f4a2,653207.0
be1d3facc5f561802e68eb4f304991e4,888127.0
4ea487c0ba78a3575838eac587bd27a9,653207.0
26cb1aade508539bce8b12ac1a214c0a,653207.0
fdb1936d286a473cac9864899293bb5f,653207.0
0f422c90de291d5668cbd3f60a57746f,653207.0
710c2dd32aa59a7569e9f27b07fa232b,653207.0
1a8522626aa76f10c246a78c10b371cb,653207.0
d1817b061d4c64c265461a1d6feb65de,653207.0
d0442a6701250d3e89755ce41c7773cb,653207.0
9d5d1d40cbe407dbedadb79f28fb23e3,653207.0
4a21c3efc7ca3c3e59c85937e8f64297,888127.0
38b1396399139cf8d58409e768ec54ec,888127.0
5b75ec924a60e1782bb68941871c24e9,888127.0
f40c1c9ad925154337abdcbfb287f548,653207.0
97337c9eca3fae5b491c2d26b3856297,653207.0
10c3e993d5e6681214e9dbf062a4c445,653207.0
baa49a0283e590fe98ab5f4d5bbe8fe2,653207.0
65da1d0a66ae86de3d8522c314b7826c,653207.0
7c787ae22f969571da7d0c2f3bd5ea43,653207.0
f41dea881395ffb550dd398e4a24284a,653207.0
5abb7a8f65838f63c83fd95df957e3de,888127.0
9c16c872c26636bb47b873c70e380d68,888127.0
9f7103076a55b636325ad3d537c34093,653207.0
c5b3bd7cfaa98b78e1bee2fa8e4296be,653207.0
7a78806ad55d3caf7bd07da63cd4efde,653207.0
021c7691f1f31193dfb19c3c533dac7a,653207.0
de7b13dafd59a9e762abf9b75b46684d,653207.0
aa6b9edbd85f351a022984d56636ab7c,653207.0
175330e172fa37b55a0cbe9b7a26540f,888127.0
a30a39b31675a9d2e590ec57194dd25e,653207.0
4ae67e50f3164cf8cfbda120c525fb4f,653207.0
32a5f67cd7a768a20724272019a82c99,888127.0
f48e74cdd31811c50f17a48aec6258c1,888127.0
af4afa548d64eb5c385d98f397d05b27,888127.0
f2912ba61de26ccde8844224c056c036,653207.0
312876c4683c33277dd8be87b5ef2630,653207.0
d8b93262dc384d71348b563d20aecdac,653207.0
32a17ec4f91ae9c92bcfff11456f488d,653207.0
2896284d7182bcd509de4b2434da5c33,653207.0
16a7d4f118cbab53384b8a7b3a9d19df,888127.0
61e72fc6f3a54033c83e6f715bd991bd,888127.0
f00538fc8d690a4802592feadcec6f2b,888127.0
a6950e37432e66e50fad7be413802d5f,888127.0
f45ccee297aa77a95114fec64143c13f,888127.0
f9daebc879ff6f6633c02b00e21fbf78,653207.0
4a639f2aa48f76d26d45e5cd3462c0cb,653207.0
6bf889064753ca719fd78ef78f7a1cef,653207.0
3bf3295f2ddd94be19e8eb1abf802e5d,653207.0
830c157af12c4a855d57598c94bc68a6,888127.0
4109829c9e93c60e41fa3011229893ef,653207.0
0d2e5520438ceacfe8058fad809cd8c0,888127.0
ae4e4d85d1f08e05f491dfc52e7e3aa9,653207.0
a5ec09ec253703ce642371dba3c6b98c,653207.0
dd412c887194c8cbc9f7d7b5e441dd93,653207.0
060c20a9b48181fc4471afed7100b5aa,653207.0
fdb978ea60f52c2c989d9760afeaa296,653207.0
f92ab633f22d2c5acc90e7633259c49a,653207.0
a3d2d323cd238ff0d78f66f3982cbd2b,653207.0
d10dbe486d040a6a5d6b1327843b9dc9,888127.0
18566af4312a714b776c4d8f17966aee,888127.0
d3a0a36f82b939fc0266122f7a456bc9,888127.0
a6e3876e40835809dcb9a4819638a911,888127.0
d4671d2bb1ce4031367f4ea84a3f887a,653207.0
93460ce73581be205bd5bc79dee69632,653207.0
fbecfe02455739fc3b6e960d690b8edb,653207.0
5b3f14745ccdc44e2b0e17d4aa4fb193,653207.0
5556ec1681448fdee6c69e6a7c5970d1,653207.0
0370f200c7777156d42f92e0922244fb,653207.0
57e676c5ccffc3f57b54df4cb0462ed2,653207.0
9ea010a079812cac0c14a053765aa200,888127.0
fb2d1c11ff24a8723437c867c0cfe7a9,888127.0
e4c2b05df53ae584152c6dbc08fa01a1,888127.0
939bb4390c05505453e7919214fac040,888127.0
442cc13de84e6ec348de776770ad5662,888127.0
a46ada0bb30eafca253ae60cf465e5ba,888127.0
1dbe7afe17483241fb7a8437e7113ad7,653207.0
d76339829019e4b37c077f7ab397b65a,653207.0
fa6b83c00de4b20929ede5763fec7c1d,653207.0
6b0bf3129594abe2c06f2b6963352266,653207.0
4f0da97c458c478bd48e3c0c1c711a40,653207.0
2a140c0f72d27e2477d654592e52c904,653207.0
acc7c0ba523714ea60f38171eb94bdd1,888127.0
a6738137a46b2cd32b714af440b8aa90,888127.0
b4c264b98dfff1d9dbb572cd227876d6,653207.0
c0677437d452b35d8c2f81f7576692c7,653207.0
3ae78196a2393a0a13c4a0bcdd6c893b,653207.0
c46d9b86c6dbda17d5d45247686b8698,653207.0
db580c18ec79e2762d3317a71da6b63b,653207.0
5d0d395ff1b2f3e8c6de4d46c2319d83,888127.0
7aadd726de1944210a718f0978206d76,888127.0
48179a313e841ff6d06ba0f4c43d417b,888127.0
43b8d628e18076ca0ca0ae024286d3da,888127.0
f2e22e0cb480e4172114c67e2648e6b4,653207.0
a7bb452ae3ee85955344c37013e120b3,653207.0
39de332c8ec5929d72dee46867600057,653207.0
844d04e2bc4fe32c9554712b31302888,653207.0
484dfe5ba714ff8105cd10f87c71f40a,653207.0
f2c667f308b6f01c70acb880a7e8c1ef,653207.0
1708e851ce3636fe30a5e8245e0d3b6c,653207.0
bc543bf79ad9e6b2c5c41dfcf5fd5e47,653207.0
cfec9888834114a7162ef6460b136ff9,653207.0
307967f01e775b1c5fded94aa3060095,653207.0
2267324e60c7fa5e9d2eeb06a955e9c6,653207.0
8f8002dd999301044c86a6d67e9e0301,653207.0
d2a17190aa145f65c3e83fb2dfd9e481,653207.0
1e3bcb74f959e06eae7c78abdef242e7,653207.0
f2bf87f4a3bf61f0f449a84216ff9e52,653207.0
b685c609a656dec55d144715309a8e3e,653207.0
15749de2882ca3ccefb3f7bad9dd479e,653207.0
677055cf6bee66e6cdeca1e1de993d91,888127.0
69e43af289671a608e6dd5b158210caf,888127.0
3184228c8e8b08c01d8e854e2e89abd1,888127.0
6d021260e015b897c3552521b152f70e,888127.0
961dbe023e5096c2f59e48c44941f597,653207.0
b7a88f206e2a59c35c9f872138362a56,653207.0
ee6af825982daf834160d1dcf383effe,653207.0
296798f3e4c6ff30027be2395853c9e7,653207.0
f7abd46d2a023e4c5735edcbd6855d31,653207.0
1740cfc1d7bad9bc388bf83f8290961c,888127.0
315ff46f11f9133e6d27001f7c44d8ce,653207.0
dfee654b161ee6d640fdf5fe0e0f0cbd,888127.0
708d6b22ad68f6a1fbb8c261cc1ed687,888127.0
4fda12e31c46eb9cfc53e2ecf3e4ca0e,653207.0
e59c06d397d77f443a725914564fd4c2,653207.0
cf8000faa1ba18b902deb43be7cb63f5,653207.0
d45aefa3debd127c1204e4b2558c4eb1,653207.0
9ad6e01027c77aee1cb6cdc30b5bebb8,653207.0
230f2cbb077ffa3310751d0a548b21f9,653207.0
105ee430577b800961ff0960ebacc055,653207.0
3441a13daa6f179d6ec21073e6958e43,888127.0
0193b864781055cbfbd46d1d13ababa2,888127.0
778b75babcb8fd5f698aa7f716d7f2e5,888127.0
ee555c3594878e9578ea4ea77447bea1,653207.0
c42e05ac56d338c74066014472bc4117,653207.0
d6f0079e5f9b134a9d533e4694d01dab,653207.0
8f2f3ee7f01bb0b1163dbf74ed8470e9,653207.0
5556b450eab4aca88df0acb880eec6da,653207.0
28c078cb14995f6d701897cfed7ee5ef,888127.0
9b36a77e5e9c0963e10ae581869e2dec,888127.0
cf712d31447ecd1b32bdf4d02829b03e,653207.0
144cbb0d3e738e86cb8250646099e0f2,653207.0
ec901773f7f1915b352f459df5d85b7b,653207.0
09a9aae4bdc20f45e877fa0301946001,653207.0
7be039e43c4b9b0374823c81019c1dae,653207.0
ca1092858995924458a5bc65614bbc35,653207.0
6784bc074dd892fb3af5d7fb73a1aa44,653207.0
022f91f1700597c519ba564612b0cce2,653207.0
ca5f6eb63282f8407a73eff8f3614c90,653207.0
34c39054ba0414ee02104d1abc117502,653207.0
b522a70f7ace603841e14e8460a11ebb,888127.0
5c57d900ae5919a112bd7414ceea1fb1,888127.0
a561f7f40d533c117fcd65480b7f1238,653207.0
bcbb16d17861492e5700c40ff313a967,653207.0
a7e0c7643fcc2f2f74ac01d477e089ef,653207.0
863b359a0aacca0ac9ee4273959104c0,653207.0
43c45f12cb6162f47d1ecb304c64fe73,653207.0
14d48309d0dd4217f5b15a14ee9b7355,888127.0
954d12a9914625d43a6660763eb6f1fd,888127.0
0db180854d79c88a91829f9c6f309ab2,888127.0
61b22a6aa138f34474c45320ec6cc4cb,653207.0
d5a3e82b5b222b323c4df2ab19b8e338,653207.0
b1e5d36b624980fafcd14975df5de95b,653207.0
daf82ef672ee23e5bd4e12ff3df46b8c,653207.0
82bf4dbb1b122eb25e20bc8f4cf5a29b,653207.0
ce2b3ba5d974439c733667e9711feea5,653207.0
742fd8be2954c7d71c31d3e823028de0,653207.0
2c1cddd39b49db57a48cad278d24ddfd,888127.0
bf9c442f4a29914154b7e948d2cf7d38,888127.0
feb730fd75c38351853ad5aeef95f470,653207.0
444f02a329b396e2ae264ad25b2320ba,653207.0
b283c64069dfb4d4ae4da3a4097e2f74,653207.0
8fd995f4a7f19f4634d6bf4a259a2d35,653207.0
277a681c7b3b36e3ee71ec234eba1d66,653207.0
b7f0a3995fe61cf45422305b7d699813,653207.0
acf7643392cce27c577e93f624638935,888127.0
5b56efe1c3a1dbd9cd64486f8f12ccdd,888127.0
3ccf381e8bca9905e9c8c6fdb36ba4be,888127.0
f61e10d81095241935576a60e0591714,653207.0
6d3c57119866b4297c60d73d32e5dc69,653207.0
e41ac194b75897caf747d2a8ed7a36b7,653207.0
897889bec7d6c2d328560835f73f2a6e,653207.0
0a3195d7f8b94c815540554580beaebc,653207.0
721d8ec6bf06d60b52fe4ef9e782628c,653207.0
65ddd28853d279e49e63ba21b8d2c78d,888127.0
b57d8d8d7b57d382846ce5c219a1e365,888127.0
f175a4b27415541b1c0f9ec1c8478541,653207.0
ee8b66bc17ff0cbce4dc21a527ce4b88,653207.0
5e8bfc8eab5e8698f3a31ac8e077121b,653207.0
db470dd53f93f5c47cb349e0d0996f01,653207.0
321b65a584d19174784eff91c5fc1250,653207.0
a0f9ede56e73e99a4a8d2c3c7f2f74cb,653207.0
fc397a00a9c01becf318faabd668a4b2,888127.0
32317863ee958d0ec583bc5b499e6086,888127.0
ee343a07ea1e654797965a7b662f29f7,888127.0
c3f360006bad0acd6e7c937e8226a19a,653207.0
7488caf8db1df9da260d25996fdb4b39,653207.0
6c056a123a04c1264b8e53800180a28d,653207.0
79b720f3c4c33519c294fc8443768ffa,653207.0
36950ed3242b21de299cbad3250e3359,653207.0
551555130a53800435b8ac3b3735c56b,888127.0
c218a4b3c760e60949b3e7a2fc61b274,888127.0
9d5dcb7039928ebc24eb2b7096954720,653207.0
8fa4a5fa092cc57382d6443de76a1638,653207.0
af053536333eeafe05a2b2505044fcc9,653207.0
347bec21b4858067abd554e223663e58,653207.0
4cd2701d0db0f333383c9290f013dc3e,653207.0
373098ef0469d78e051b78908f6ddc81,653207.0
0450b5008985bdea0f0df28b3075430c,653207.0
03827576f497393fc9595e3c59801b22,653207.0
939ccfae9f20f68988543096ca585b5d,653207.0
fd5ea22353244a441602d2bd062811aa,653207.0
8d960b80d073a1daec44409ef0672e58,653207.0
4c2cda1922586d380ac2e88fa5ebb0b9,888127.0
b0a4a3a11a77474a2c5221036549a52e,653207.0
5276744bc800cdb375f98a179175ae5b,653207.0
9b5ff34ac8a4540223a7d63403901c2d,653207.0
1e10608bc21eb440e8c9ed07ee01274f,653207.0
99c545431a08c9d18e0d7308fa3e41a6,653207.0
01bfe3b1092e7f79dc9309cb4e52d57b,888127.0
45c78c7f061e8306589d005359cb10c7,888127.0
dcb43e09139647a8c7515c8309d80dcc,888127.0
f7cf3ef63bc8aa9b2b5d224bf786f027,888127.0
bf4ffb4b5179faaab69e9bf55e76d1e8,888127.0
9d19268cc0b6ae8a69e074529772b1c6,653207.0
d9590666bff8affc5103c3c3ceccb277,653207.0
ec77fca2a04d27e7791d927f9a82be0f,653207.0
80b3ffe129d372615ef279c9cf618081,888127.0
5310361e4aa89d2abaf7c7d37965f55c,653207.0
26c9392f53612d16e8ecc5ca8fdf6b34,653207.0
0f3ff707ca5fb673db168edc0defc54f,888127.0
92c79887a29fda5cd16f13e1bcc94dc4,888127.0
c721fcd0d6aebcd55182fc10e85f5b60,888127.0
6fd61a3b600c5aa07106af2881605d9d,888127.0
7d6af5b275f48d653c41e4cecd58828c,653207.0
5333d42b0d43e2777e61747f29d43a3d,653207.0
cbff3f20054d119791a08714c5f43931,888127.0
7c5b622a04212addfe19d7945bc07a2a,653207.0
5dc14a473e996068c478aa81115acca8,888127.0
876a854a5b8db2a36cdc0ea53e47a69b,888127.0
6631916536acf72bcf8f933c414d4b9b,653207.0
e4dce8fa75b774d71a61ea5c13f5383a,653207.0
9482ab45a3b3204e806dc1ec433f9d15,653207.0
3016807fb6f16303b99fea96f6285319,653207.0
05f46b698ff37da62398f822225ac95b,653207.0
0dd0f7f5972ef3732befa094cac5c496,653207.0
8cab77aecb997d78694d93f67a8d7d6c,653207.0
63878e9e51edceb418cffba04b7a15bd,888127.0
b36df484577c07439e69879f35f33832,653207.0
eae68a845258ef47bf44ddb6edfe8579,653207.0
9f6f761390983da1f1ae5407f458e928,653207.0
66bd33d97e38002b501d6724768066f9,653207.0
91fcfcc667635ef782d086353ad29e76,653207.0
973422b6e0e4a00e5083e7d4e3002082,653207.0
22722c4162d2234fed9b8f2d31d97d93,888127.0
e62289fb44314f19d9700b750d3956d5,653207.0
47b95487bae4c46235412e65a835647b,888127.0
55de7cca706842960147225ec664034b,888127.0
e14427196aa588847de08be08870d914,888127.0
d59f6ca9127d8788af23bca96e612434,653207.0
7362ea304366f7d8e7f5aff4505cb103,653207.0
5f675d88c786ec2c04792a0436705f68,653207.0
6e3971560f8bb093a822e872014eac9e,653207.0
50c6144b9ee03c79e8e0b8bb903445a5,653207.0
c938e53f5efc7769ac7a5958e4d760c7,653207.0
78050e3880b98f97685f2cb806f54b01,888127.0
425af7fdf8257a8712890ab04e4a8efd,888127.0
2bccc795576923ff45507c54098dda67,653207.0
c26c060a2deff6c04e4224136b6576a9,653207.0
9452f97e3d86db7cc3e14fab11a20d54,653207.0
b35df611399c9b7d1172097b5562b7a6,653207.0
29ca2e6aa8a21f05bc7114a69c7fc20a,653207.0
132201bd7d7acd9e40aec4493965df05,653207.0
9b10186f6f75db3b5d248888ee3b0f70,653207.0
1b8692cfa213d1e16fc3a62097e86eeb,888127.0
634f9911566600d0612be86d4500e031,888127.0
08b0326ea2ed986dad3e9fe489060ac1,653207.0
9fb2daaadb37b3430902ca231cbb9891,653207.0
38b9a1ff23abd55b93ed0906572489d7,653207.0
2fe690ec306174f55b229996e4ace035,653207.0
59486a945bbc0a689d31b20f662f8082,653207.0
685c0ca70d19d8357b75d522f2b13a15,653207.0
96001da2e001bb4421e92d30800a7b30,653207.0
8d171bf60be475d1d75b116369529ad8,888127.0
6b304be0c71b86b82985b7bcd0146015,888127.0
ee8edc56b66e371c5dd3f9a222599d0a,653207.0
0b4ab9398fbb4abafc782395618dddf7,653207.0
8bf8c7af215e8ac598b80ac77a43524c,653207.0
7e333d30c024462f1c0ddbfd5dc2f9ab,653207.0
9bd3063cbc7eeb34704c5bd57336d7d9,653207.0
9a30af684eacdbe96f7a4ad7e550b5d6,653207.0
e2ea91433e6a6867c0d45d961e7973ff,888127.0
debf143315365a40012130e818390558,888127.0
fc81db4baf3e384ec27da0d7ea0339b4,653207.0
b1524ab135dd298a7b8c2f378f341db8,653207.0
eefe81b53e972bfdce50f7e7730b0e7b,653207.0
d2f630ec7bd5bb132c1255dec5199de1,653207.0
b2fef9dda91969f5ec3bb52f524d0e5b,653207.0
b1a48a12823d1d1678f6616e0ace79f5,653207.0
22226542b1eabda9ea2c971b5dccc6d5,888127.0
1ea62664d139fc463d3cf1dbf0833fdd,653207.0
489e1bf209b0ccdf2f796ddcafaf70c1,888127.0
e44fbf46a51f62a57c88899607dd7fa3,888127.0
1dc42942151b05ed0f79492d1a35c425,888127.0
3ab010e86b7dc2641ea3daf9b7304ff5,888127.0
ce678e17850e1bd3cb02ff291f6c38ad,653207.0
74892c21ec645399ed43e800580cfb8a,653207.0
70ef8962e21706c589607b722f47b642,653207.0
765ad727814a5d248fcd2807903a6469,653207.0
6e3854ca37999de61046e743e14a7817,888127.0
a7b8ef3e3ee7bd4641c44f811fed68ba,888127.0
7182467080bdd21d8b3047f1ed82d4bf,888127.0
b212b55136eb42129674a7557d89bdcd,653207.0
7f3943fc9a1683d336fbd3a366cc893e,653207.0
da8b93c6663eeaee61d35b7e5325a017,653207.0
76816b18abe480abbbe1e0b45553a586,653207.0
e3cc2d3636dff6278d2b03665a6364d5,653207.0
c2f855a3679af007995597d0f1c58320,653207.0
470e9e2fa454f96647705258af3c6136,653207.0
af095cb482ec44a1a1ba292054d2d702,653207.0
180cd1fb0e6dfb3a5872b717e46c1490,888127.0
d3977dde73a902e225854d9f991abaa6,653207.0
381f84d9b59ed344407d8c8904bb060b,653207.0
a5c47dd4cd7b3ae8925e9a767f8a3c0b,653207.0
9f24f48fa409ca1388621365f928be84,653207.0
7cdff67d0b5c826df7cddd8208d1f34e,653207.0
43ac69864dd7761722bf8fdece43a7c7,653207.0
665ee6a2a8580f3c094b694694003a2e,888127.0
bcf55be08387051b297c6ce47877eb4e,888127.0
eb3f1fa43058023ff8ad5ebd959e36bf,653207.0
ed0d60635c2f973045b22aa9300a8efa,653207.0
5722f14693daae248d504acadbf896d8,653207.0
0dceed6a91f30c0adc8c5a5d4d85acea,653207.0
e787c405da9c4a9e3d3dafdd98e830d4,653207.0
925dc009cecfa23c6bf44cbb31d7f259,653207.0
95595c10516c923f34798daddf70eea7,653207.0
e3020eb240f9ca5cfc4b3ffc2f9db92f,653207.0
87e7dae7ac921bba5b303ba069dae44f,888127.0
9b3ce8ce32aae33b347628ac9b2e80ad,888127.0
27b29ba5940345606a73cab889408752,888127.0
ec4ddc650572fb7b2f5263d54ff73d01,653207.0
0ee4efb7645b1ef8e8b9c2f646444682,653207.0
b7a268b2867d0e4f4d5eec75b4fa2436,653207.0
88a23f57fcd3c9f9814527e10e36f098,653207.0
819082b649ff3fc27f1eb3e1d5290fb8,653207.0
8068e04247b4d5308824df05fd0884ce,653207.0
eae75a83ad698757cc67fdb433938366,888127.0
b8f883d931e3c450a8d2ec253b3569df,888127.0
8159a500535c53da68fdfa5b729b1d14,888127.0
259e3c04cdc971d69c58241512e16e10,888127.0
73e2ac37f2e883e648948e038f794cec,653207.0
29a237241e9eafa04c465df2aa06191b,653207.0
87c4acc70f25e37aa7eef68aeb2ad01b,653207.0
dfa2b3078f337c745c9497b03f1347a0,653207.0
eccd56c6e80658f242683a527632ae3c,653207.0
542fcddc435260cfa57daf93c6335a5d,888127.0
ad49a05ac89c105f285f7eef3a664c06,888127.0
56f4fa7f9a6fea12bd12b6adc4a03eec,888127.0
7de1c629884a4c51eb1bfabe85fad496,888127.0
4bcbc8e0b0d66df54d3a8ee079bee225,653207.0
771824b4f7f128ed0033f3044002aacb,653207.0
5f806dcf515a9b5705e6cdfe18b4e15b,653207.0
78945506c28f56cc386bdc835076f5f5,653207.0
40bf7eb703a4b328ace505baedf357fe,653207.0
a8474e2475e683aac750c7f434dcf638,888127.0
4d60fa7777d63cb5805d02b9db10d575,888127.0
2e95594fbfc8560cba39c8d6ffdeb681,653207.0
e2005c889ef3c634a03e185c4b95bc82,653207.0
e7f1bc3f33d31901dd6459068df8bd5a,653207.0
40d9587ca4fb1d491def9c5d34b83e29,653207.0
6f08ab6983a494c05ab83df38282c6dd,653207.0
64b53339b934ddcdd491fed03c495492,888127.0
62d4e25e8c7790a6b6a565ee6e9af6e6,888127.0
46872c7f2dffe47e939411399245f9a6,888127.0
15be5fce01a6dbb55cb2c80f10b0a4fc,888127.0
eb0b4e1c5386c7c40872f7347f2d8888,888127.0
3e007761ca472119cf81a755593973e6,653207.0
6694f6de550f57ccb3961cc7d15c53db,653207.0
21ac66e0dcfe40d12973622aa71cd2c0,653207.0
45dada03e0175579fe185333aa8d97f7,653207.0
a9efa8fe63c7d7d17d39c515ed10f4cb,653207.0
ea57bc13b49611f7eabe8d00ac5649be,653207.0
b9fd1b738e7871c65a6d2e6d6b26f070,653207.0
b41898bfbfa7c0520222004aa8d13001,653207.0
b7c879bed8d7d70a277b33fdcd678f1f,888127.0
269775cb62c8b350b9c629d8f3ab938b,653207.0
2f02a3f9d367b763026543f51844d050,653207.0
e41fa48a71c7f9b41616ccf42a6bf1aa,653207.0
d3e61660c4c62870f0dace7ae103ac9b,653207.0
0735e340358208a8d530692fdbdc3fd5,653207.0
1bce2a969342e8ec041de7cdea201756,653207.0
423c3adec24d9c68bbb81daf6c0dcf9c,888127.0
34069883aa9a021c716f91b38db4ef10,888127.0
62f719eb6fcc25c48c70ac3ee868deb1,888127.0
e990256c3fcec579e94a42aa2f6a205d,653207.0
5f457a8ab446916f8a20489a86b94d55,653207.0
d6dae5bf8404a1c2e317aa60a0fa3ca8,653207.0
b1cf76641747252c8d4b26912f6a103a,653207.0
080561bbab402d365cdf7be4fae92833,653207.0
c6dd27e2872c1bd538a1def58afe5b55,653207.0
d67091ee9ea6f4627276ec54b5262bd2,653207.0
f5e5cf56d1124d74cb1afdc09dd1cf8a,653207.0
21ceab2df18b601b44823448c1ae330d,653207.0
3fff3f227e1986c48a222ecd8b4d5b0c,653207.0
1975eb38c392c66477452f2a13d1186b,653207.0
3a227ffea3c320aa3d2358d98b20bca1,888127.0
e2ae34db0907a64caea521b0dcd1af18,653207.0
319bcc13ec73c044b9d144f8dfe893ef,888127.0
857282f883574aaba9ea8e469aa52d85,888127.0
6418e9a63644e936e2221927974e839c,653207.0
f9852bc7369acbacf21ed73fbbac7688,653207.0
138a7fa84627dfe185c1d68456c5359a,653207.0
eec5ad0d91cd0d59389c9efe6aa93103,653207.0
2cea64d93fb9051c1e0c25523c1a45c3,888127.0
9821eec7663a688ea23c438ff792a754,653207.0
d9a29dc4c11abfa74ff3463a40579aa3,888127.0
c691e188bad91e3fdbaf6dbdeef873ae,888127.0
b1d5d9d5849916cb00c82da28a120a94,888127.0
38cff2e93280f7f54bda7734aa3c28d1,653207.0
81c27c69e72c5a61ac33d770d77cb0c2,653207.0
cb2cf91c344c55269e8af03648955214,653207.0
c987e2b17fb68de9122ad61a2a39f76a,653207.0
2cac97684b1d0dc3c2d8ecbeb7f49c34,888127.0
09f45cd8ff08b08490ea8bc080eeaf4d,888127.0
63aa9bed00d11dea2cfce7be04f39497,653207.0
a08402d7c3a2ac2bed26006c782ac30a,653207.0
59ff5c2574d2dc2d3136185975c355b6,653207.0
044155cf14d014eae7dacc033af1ce06,653207.0
cf80108c4d6da9411f7248a4653a2e83,653207.0
6b3ab9f3e4cada5b77df06122900cb43,888127.0
0c37cca2b2fd17444ec94c4845891f70,888127.0
7c3b468aac93de6964217b739e1b1e5d,888127.0
686673b6cb93930287db739512f04384,653207.0
1a2c3b6978cd9246157467ec12074a02,653207.0
ef6af40f783902582a1089ef43f4f162,653207.0
74bf7352743b3489e021f2b3f1cd08f7,653207.0
11b0d6295fb5de2b785aa88da9dc5732,653207.0
f0987576ddd04ba909230bc6c655dfc2,888127.0
c65370ce5ef94c6bd5344802406f46e9,888127.0
5a4f5ee37bb002b905a05d8b27718142,888127.0
ab74dfdffa80660f6ecc482591762562,888127.0
f5cd7c23be3b2e8d2e9738814c5c8bca,653207.0
f55a3b77e36b9d93fad799d9bf31fe6a,653207.0
1223ba6bd93778c9f502253a5e4e8e81,653207.0
f46fec7f405c1368211439e180627e65,653207.0
36074504842b680a5e9a30c6c3f92160,653207.0
204769627f1b5b2088a84a1410b5081d,888127.0
8ef292d4d4f53505dfb63d79db77bd65,888127.0
65d1f222982be98602a5dc56846d25c5,888127.0
7a956ce0536a3c90e8e8f15aa8b25668,653207.0
71aae5124b817ad3b58d1dca480067b6,653207.0
8e8ad4f965904d49c1fa37865f6f57d9,653207.0
0691ce2368153b99cb3831b0652f13df,653207.0
27d940696653631bfb06fda8b700a63b,653207.0
c873221a47f6c9595970a0e73da678c6,653207.0
9a32f840f592be3758aa26ca83f48f2f,653207.0
e452c4b8715fbc2530439c950575bbff,653207.0
0e7cb18eb6fd31fb7793d48d372d3762,888127.0
cdda5432da40c30eb473ec7af0f9c700,888127.0
9527e6cf2a50c1a5c361b2c435e5c533,888127.0
a5b155d68b2986b51c03dd7e866cb154,653207.0
ea227a8b4d79ee4c5a4769a107a5489f,653207.0
215ceb322193e242bc74c9c1ab0c1b32,888127.0
b90a444993f7513a358842a6a467eb0b,653207.0
2a6c03a9c574618850800c27f04703d4,653207.0
41f60635d3e09feacb3ff01794b3019d,653207.0
dd83158f065fc91c8a312384e0f12dd5,653207.0
c50d943e218ffbef18321a68aaf99aa9,653207.0
9d5f095776ff147ee81f25949fa0e7aa,653207.0
2433435dadc7826c1a85a035462a41a0,888127.0
50e33e28fe22088c83de804ba6dae6d5,888127.0
cce179754a95dc55a2c04ab7948ac611,888127.0
c96ffcf08c33c0a49b01b03657ab5f83,653207.0
3e4340d20eef87888ed39fbdee664441,653207.0
1ba2a9a530d6751a2ad9f991a703c4d7,653207.0
9b986b64bd9ee01c370cfb86a156de90,653207.0
b4fe028c04951c57333f2fb4bda8ce94,653207.0
42b2569b88d16cf3224fb9c94ea9c782,653207.0
5c857f515d009fa95883805a17d45dca,653207.0
4288757133cda5e22a1695d687246b37,888127.0
b2d3e18172b6a88b1a16f0a7710d0402,888127.0
4ed7b7ca30e881446df8310f27707bbc,653207.0
02065155f5059f004df17f48911105a4,653207.0
f9bc9baa6d4891cd436ee6cbc9dd8300,653207.0
b9e35efc7f0b426d7436349228370960,653207.0
9309875ecc2de535f238fbca8119df75,653207.0
29f00a52d79495aa93bba48b64ed4fae,653207.0
248eb0d42f9ba48e98c733da451287b3,653207.0
68ef42c92ce0abc8db5b67f42906b40c,888127.0
8596aae359030faf761a25797845c710,653207.0
1d55752dca4a185eff71ef26e910b131,653207.0
810f50bf2726c0dc5c94618eb1dddb9d,653207.0
074ad74ee5346ad0983e1773c62faa79,653207.0
9483c25360a7550796dbbd7566544cfe,653207.0
b0722c1989307a35aec4f911db84f663,653207.0
ab6ddd4557eb8b9df5b5cbb38abe5ff5,653207.0
57a1b5971513a4a6177a3980823f0de5,653207.0
49eeb3bd758ebc6817d53d48e9934404,653207.0
6f0bc63709c8892160403a0a1f5db9a0,653207.0
97df18b937e3e28cee857701b1288e31,653207.0
5feb44f946de922b64c9a898e9473f90,653207.0
f682cfd1fff38de4172549ceaac5de6b,653207.0
fda78b2c33a1cd210227568d50a3a988,653207.0
0d5d9826283494990f45b953c13596ca,888127.0
f037e6a455098f049a1b89b52ddf704e,653207.0
1b7f5f463b845ab1c5cca60e6b3f75df,653207.0
02397a955f68d86c1e45fc2ba56e1e3c,653207.0
0d307eaab86ad65be4b9b8957e33375c,653207.0
ebd1d2d0a3bc0a86961617e783a1529d,653207.0
63567ccef9c1e28b31b025a4b431c71b,653207.0
604139408f74bcd5bbbecfbc1bc2cdd4,653207.0
d3f798de1bd37a29f0bb61d4c6a12884,888127.0
2729d0e834ef64d35cb87ffdb90112a3,888127.0
cfffd4c90551f9dc2123e1ca83d618a8,653207.0
88ed4d1fe7ec02adf37174ddb4059dcf,653207.0
c1ed677a14e26ea638a15c98bcab54ef,653207.0
05ff6a2cf1d50f95cef84be1093500b3,653207.0
66ea0dc8eb98c400762f0c001ed03215,653207.0
4a048a115979bf16a853f894ea83e7c2,653207.0
4e11ecb5a4bbf6fe64aac2e2e3e492e9,888127.0
ae5be3052afb3283ee5f22fd0b429ece,888127.0
21b21aebaf0d76af2cb9641fc367f062,653207.0
bf59e31949c087047efb6e7eb6db511f,653207.0
c575dbe538fdda5b36f1937b8a4d569b,653207.0
8020a4a8f2b4aad5a1c800bef2187024,653207.0
6b91218ce6d1b4fe612000d375fd6433,653207.0
9b3ee58aaf14d608278c642097dcdfa6,653207.0
42cc08353e9ce6daa37ae217e022fe9c,888127.0
6a7c5316cee6d87e332b9787c8e5743a,653207.0
f2b7022cd811941a44cdd15a507cbdf8,653207.0
d163a8665926de42a4d34fa707532423,653207.0
221a1ba98f428e5c3e1be1615601c4da,653207.0
07ec9d7bfab808a117730bb62ba26364,653207.0
440918bc111a552b11c889e9285b38ce,653207.0
b1e1d4737354acdc5ef91194cf6a6ee3,888127.0
380a0dcfe13565ba9618f77726092530,888127.0
d6a0a7507547111ecc88168f59fc489b,888127.0
c19db8dc5236a6e5e5efcd14fe0a29a5,653207.0
a39ddaa314fccc7d70490c8ff366acd7,653207.0
92f0cafed8ceb2e935c9457302036502,653207.0
832b25afb25f820c039d09f37fd700bc,888127.0
e37f7ac316968f12eae7eabbc6b1dbcb,888127.0
a4232b93e3391550bf8de87e17257ac6,653207.0
90559ac295b1830144a66353935272f2,653207.0
3b954278920844ee2c7e90218f4cd09d,653207.0
42f520d62b7ef44ee93d961622c9c4f8,653207.0
0c3f15555115559b4e67d4e11827f604,653207.0
c0b162384d31f4164e574e8e8914a79e,653207.0
a3950e36d3bfadda0a0813ab495f26b3,888127.0
dd6cbb02e8f8a6a1f460055c55da6d1f,653207.0
b8fbaf7d86ee0a01a502409d6318e7c0,653207.0
270813c54c241ae6102a4622d9e854df,653207.0
8e0f94f19bbd12fdf3c2e9f0d42ab294,653207.0
a3bf6a6a5010138891d598660609e6f5,653207.0
ea3d171e0cc257a12d85ebf93a3aa480,653207.0
39be9a159c25059616b2c33c7ac28aee,888127.0
f631a27e638630da369f2c10adddda4e,888127.0
2378b9437e556e8ac8808b896397aee7,888127.0
694613c531028d2bcea34f68abf39741,653207.0
8e32ee6fe307022c272a7675403e1d93,653207.0
8da3f0713539696c5febdc419c253dd2,653207.0
1d63533ce3e9ba6de130f05a7c45aece,653207.0
8a0cdbde8520327ce2d25d6a573536bf,888127.0
fcec44ef0a50ee396710d924c2b5bfa8,888127.0
5e713b4b6702ed08c178018f7e32adf0,653207.0
76dc6468bb033c428f5344f23400d7b6,653207.0
e73d2061f33cc792203eafd4e531fa81,653207.0
3addcfd8788dc42a3ffe9138eebba677,888127.0
16121482cf99ce70a312064a92f1e205,888127.0
356f160deca4f0b4923335d15c75aae1,888127.0
caaddd69390709eab592f649dd4bc94e,888127.0
4c9cfa5a11d0905a8a3df881e85fe129,888127.0
bacb329d8785373bf4a920ab5041fa56,653207.0
2890b51c5d4e41370fc3e7f5be0d189d,653207.0
179d366464fbe4698a551b4062a2083e,653207.0
383e9906b8de1e4b67658ed9b0c003f8,653207.0
7a469f4dd9d86c38813f4960f6aa7200,888127.0
6755c591d21b3f07def53ae6de5ade6c,888127.0
45719859c68b63a4c518563d9e6ddf00,888127.0
0e2172b80e7ae7f14dcb784742bb7443,888127.0
30c93d937593b426d3e2f94ac42c252e,888127.0
e6e3a265dc4c6d7636c8470ac2055a12,653207.0
9cfa512f65c8da37d752e28ff9345c83,653207.0
a7a0d701d2ab23a6adca1f68652f06d2,888127.0
0e63de45f0c1e7f6f5d35cdf42b5208a,653207.0
bc4d869d5421ab56dfda078bac50b7c8,653207.0
449ff25b1615e005a841e63bab6b1109,653207.0
6c6ce5a1173fd64a589cb1027ff029c2,653207.0
6fe1c39846a8577bf3b7bc306767d78c,653207.0
5f35cf6175d6ca123a4700667429c924,653207.0
b77e96693fae2aaf51a90e578a0b1e46,888127.0
31fbe845095deffa09a373d7dc25b664,653207.0
164b6a7cd523a249f785f656fbdcdd4e,653207.0
00b7b21f6a29534b2ed9b76806aa1a62,653207.0
1bb10f20e72de63d8268b06326268be5,653207.0
f826992fa196c51fd61840b5c46a0037,653207.0
88bf9cd3040ba321dc6e863c03281c57,653207.0
d761eb82b32abeb8e0c9fa520345ba4e,653207.0
9bb371480a33b9b2b35b3bb39575fcd5,653207.0
64b4891befaae81dfb1e101ec4bf851e,888127.0
dae9f490c32ae533c4a519b69beb6622,888127.0
2855eff14e031b4399c162270628b847,653207.0
0dbf20e95ba2f9aa153d11e04e0101df,653207.0
9c4b7eb094616973bee9b8e847c5a2c6,653207.0
5f11546e3a76d9a32d683d0082c38cdc,653207.0
1b81976893d4a7c58a391dafe40945ee,653207.0
ed55bddede4f6eaebb1ce66a5b6d5336,888127.0
5e97a5f1fce31da2061c39a09136ba3c,888127.0
f265cf0dc2b4835c8dcabba25a6ab83e,888127.0
3a3ed982783c476d9b46e441fc533d54,653207.0
2aa32fa75fe7d6c40c1b33338b4b905e,653207.0
bf116304d7113016be68e809d4a83de4,888127.0
ddcad187319295ffeaf75f0e8b38a677,888127.0
e0b57892b5ace08a55052517d0cb15b5,653207.0
4d4888f7e6b401108ece07fbfba8d8f4,653207.0
ea9039a12fc479422e932ed565c8dfab,653207.0
e099273192a7b4be3adbc8db2f3b49b5,653207.0
478262dec3398250e173724b3c7cccf5,653207.0
a74e137969802dd8182d3f88cede19b6,888127.0
b02d8d9d63a0b75fa28b583ca01acec8,653207.0
468d93ef07960d83fcd95d8415e40888,653207.0
c6dc7d2ac785386c70d9d5c48eebb62c,653207.0
dae6e8490aeb33cdf21e8858b85eb2cd,653207.0
fd60aba3e611924d71a291551da45e65,653207.0
cbb101db352eb3059256e638b732f05b,653207.0
5d081e04a21db5f26d07601554f80709,888127.0
124599ace1dda61fcbf568a34236db97,653207.0
485c801d95359a0417773bdee6161eb8,653207.0
1529125d6bf9dc3bb5b09c81b7e0573b,653207.0
c2b5dee7c9d8cdb54776a073bdf1c9f9,653207.0
0a89d87c2757d5f2ffbdd51defd1170c,888127.0
6f79b7f97a4984f6f334df507927a3f0,888127.0
6556dd7f20c1f5019f7aca03f9ce7a76,653207.0
da1902d8d73d830dbecac906c1d48f64,653207.0
8a6f5d38bb07a31c97cf9bdb3c1b4be8,653207.0
36b1928beb1522dbb57955940a564542,653207.0
a8e5b917c105c234c21eb41260dc6504,653207.0
5a0b496ffe0d7921484fa1119dc62868,653207.0
df749dedcc2aae383674717b9b62937a,653207.0
ed50f06ca2df5e267bb6928bef1637a8,888127.0
b8cedbf0c8a1ae9ce39966f743f8b0ec,888127.0
e39223794718810482ae569efad94fbc,653207.0
91d4c3fbe2fd81689aeae13392d51258,653207.0
c18cc4a3a3e6d5819e4808150039a698,653207.0
a5d045aad9da992a62eddd20a067c297,653207.0
0993f313b2377537ac20f34dd53e230a,888127.0
d800d924b1f98f18f1a56ba4bdc647b2,888127.0
09704adb7aa67baf3fd0cb03d761cb94,653207.0
1fab6c9968e39a06d57bbf55b8dd3fac,653207.0
432ea436568f8edda5147d04c03e10d1,653207.0
01d9fe3cd8991dc2caedb7698dac3311,653207.0
6bc98675c61a8bd27f3eb72ab7d9e730,653207.0
edd285ef8c8afec75d5e65e641837c57,653207.0
56eb6c6c8901cccc0bcd55081e08fbfb,653207.0
eb9f0b60a4266b1dd7ce5fe6cb96938f,888127.0
fa29fa2359e058ab3e488a8cbefbda51,653207.0
c5fe861ca9a0eb22c9765bcc2139fb93,653207.0
b1adcdf6eebcf8bdc69d8d28f365df01,653207.0
97956bba905cc2b45473e8a60f9ca5d1,653207.0
75144661027d0dd625b2c0fb42ebd867,653207.0
a2363cc4eb1f5b9d8b62490091c20a22,653207.0
fa136209b3f89baa920b736952f55520,653207.0
b0b89d85a82580b6b858713f47a2ad2f,653207.0
d50062c5a489f2cacd1609420caba1f5,653207.0
6bad7ed83f86c7da35596d2def84c863,653207.0
79dc3125b5368a858d1d210f3ff47874,653207.0
051eee316c83fb18fd2928b3e0052bb0,653207.0
0ed377ad844a664b373087f61e51444b,888127.0
f9e952334449de54830ba2dd57f94587,653207.0
4082aaf519c3e5d035d0e132469112e6,653207.0
5c45cdcac865daab8a52c8e53cdde516,653207.0
a5233c0d95e9133f09e8699bc3732587,653207.0
146a952ca315c5ed46d0ecd52831f973,653207.0
34d5aaefcc92199be8dc07ea9a5fe81c,653207.0
2784a178c1d548a6784932ce91cb9894,653207.0
fd49590ef1fd634486dac0147a6da926,653207.0
2385a19a545c63d9f89753efad69a01d,653207.0
0b29c9f4c47dda1f8d89c18f0ffd300f,653207.0
34dc3a2f2c3c267f7ad14bc2568952e9,653207.0
834ca4d8f28bac363f210e67aa9f8f24,653207.0
7d90382079825ae06f972e1780f2ab1e,653207.0
d9012b46412a3425c1c08f518f6f702f,653207.0
dd55e2c7b5006747d9d6fe77da0733eb,653207.0
074a9a37ac46f6d0461c0e15042ae944,653207.0
743a99005c013456d8b89e57e7149184,653207.0
f2a5d4cdb8794b3e99d3e4318dffc01a,653207.0
7917a47aff2379fdcfbfd2f446eaa29c,653207.0
2c218d267937570d2098cb41a954470a,888127.0
fdfc2abee0f51b6e2b3cdcf285acee3f,653207.0
28ae05d6b236169f7a9c45e5f26d4462,653207.0
5aa8180c516d6c45b40faf9278b592ae,653207.0
db70ae9b54fc9f90bdce17addf03e8f9,653207.0
ad0f75266caf82d52e6c016766445406,653207.0
09147ff8fee84d34bd520680f71b8f57,888127.0
f2d47a663b2d7a11b7c102ab1ef6889c,888127.0
50a6c4c4b43f27349cd38993f0d47893,888127.0
134e5bb4f294e159bfdf18b96788ec31,653207.0
ee1f2668c302e78ab4676b5f912c5eb6,653207.0
c033f99b7f2ab05e96ee340dc00a20c1,653207.0
c6f774f80043146aa8620504d16622ad,888127.0
3014299b567a1c3670f8746e3de59b2b,888127.0
7bc9606269bd3b1745cf9b4a57b6d13b,653207.0
137e1483d6b85f8f4fbf4d3d9f2108b3,653207.0
c3b0ac654fc7ad30ac188c40706d1824,653207.0
2d73c821706c08bd6af94677effede75,888127.0
c6d4af7c11315da5e9b5bc253e8ee47b,653207.0
165ea93284fb18aac14ae1057fa5730c,888127.0
5953b60fde69ef5ac8c1cace5dadb16b,888127.0
d0342b62c119de5bb1d8a13dc2e66d75,888127.0
ec2c2283ab62d3192ef88b99e34d4715,888127.0
14b86e13c411869a9da4055386e57056,653207.0
3fc13e0f003623c02651a2a4f10d0abc,888127.0
3750d2aa8609fa02f57ea03a28af17be,653207.0
9d4d0ea9a6d003b575ed91ec6d49009a,653207.0
edd6877c6a7b2df70357e731098d3400,653207.0
e6a68aa95f423fcedb7bafe2e20fcd1d,653207.0
eb25dd05d64a79edbddd6675e27571dd,653207.0
ed8b50f0cf7a84dd2d341ada3936db95,888127.0
f96891a4e4caf8383559f86d93073d16,888127.0
7ff17b601adcab6766fb48d335876659,888127.0
154be68dcaba80069077f06318391359,653207.0
8b4ac0abae91f47bd3f8b25a9f81c63f,653207.0
de79b0a519e2ff3645bf23518e2372b8,653207.0
b12d849c6df0f7f5f36ad990b2a20373,888127.0
7273dfdd7dabe218ee66cce726fc9ab5,888127.0
26d590c1a381adf6d0ecae544243c981,888127.0
7e9411e89ccc5410508182cdb3aef065,653207.0
96d381c29768e9a12c361a131e31bd2c,653207.0
5d766dde8aa693bd8dfe473d97cd3d24,653207.0
bdd9652e9e5b7dcdb5e6622067c008da,653207.0
112c119693dd99f904f3ee5d5dc8928f,888127.0
13194929ad46deca46ea43efb52b1267,653207.0
0d8eca877a69611f48b0bc4ae6a7a714,653207.0
6be1baf919c744ff91b955ea7578c7f3,653207.0
937682b10dc162b37dc1a3f22c5beaf0,888127.0
eedd2b70fb427b9ad9069617febe58ef,653207.0
4685638d436198fbcf99fab794e5091b,653207.0
0ea1b71b46af208afa57416ef875c9b3,653207.0
0275119d6fe2e4bc8e00ed52ddb60b75,653207.0
2593109375a1cfd831c11d637f67b988,653207.0
2f2e0a24dff88ba6114c4de09e946dae,653207.0
0a07348f5b28196695d68e5960bf0f20,653207.0
0e8b9e6e0579124265518cecf44388ee,888127.0
437ee59b812e97999a9270dc7c06e161,888127.0
103a3f7d519ea75e0ddeeefaaa44e581,653207.0
16e055db8d75180b481761fbd0312b70,653207.0
c24ea4744df23c9ececa3bea541cfb3a,653207.0
d5678e6951849f613c91227e8aa5f5ca,653207.0
cf2af073dc6b02f3a66f389f00f7a7eb,653207.0
a8a38288c52e1862a7f7175dc3fc887f,888127.0
ff65052e4863fafae2a142a02486879d,653207.0
07c7322a910d930805108abd2abef4dd,653207.0
1ff25713f550a3b6d55b2b7eba9c9f24,888127.0
04308fbe0672e24f7153a1071b12f0ca,888127.0
91d0df8247abb3287da3a76a17e80e48,653207.0
44093f9796ca2d794997dc7cd8b3f8e9,653207.0
55e6d3db501cde2d3aa1b66159f262ba,653207.0
f9e057c1cbd88887648dcf24f7b2f773,888127.0
22adc2edf8fdd326ba1579fa9317ca70,888127.0
87313c22625ac5f0ed751a3300dbef5f,653207.0
0c392005e679b1a31723e55dcac7e501,653207.0
e6c98c76419fe0771b99cf8f6f521014,653207.0
4a187ed49c27a67df19ffa04c8621038,653207.0
11cc6fadb0de1920f76f38ab658219e5,653207.0
79d923d56cf621aa3eec1bdd1fc08ce8,888127.0
3d7f45ddefcd4927db47185eb6a77cb6,653207.0
1d89689fce9d1e1650132a125c70ddb4,653207.0
6c8d6f6e95c3a1d26dab5b604f038b35,653207.0
99c9be10b37103a4ee5565c093e67a4e,888127.0
2fa71d86586ca34747114de7d129de2e,888127.0
977490393f097f54025bc09cbc45c59d,888127.0
ed1a3c3ca2776c66cc379c5b2f971aa1,653207.0
bb5e335ddbd5da67ee8079ac4cc12b1d,888127.0
9f265d844310f5d9f3f0c360404883d1,888127.0
02df65bad5d9f51be38f229510b4a880,653207.0
ade39bd47483d5fcf50c8249acea122d,653207.0
01eeb7b8e8937a889c98bb3777730e8d,888127.0
96b1f385b55536e9805438d527ba802f,653207.0
add18ac29027e02d9f0820db83cceaed,653207.0
601f96a51a05ed0abf3ef75bd94b6f01,653207.0
5cc74e363d63486cc511bcade0873a5e,653207.0
7b3d9f4d16e8358b0433170fb22a895a,653207.0
031bf4d3f14a0ce34b213e7695d9f3e5,653207.0
0011cfed2d2dbcacb6611e684e577520,653207.0
c188c5ac8732338fa6f22a1617d42659,653207.0
79705592bbf0652d9af5492da9d6d7f4,653207.0
a5a44f80ab0cc0411b50741411c41a95,653207.0
4deddd5a6e05a3672ff29ae7c7383c00,653207.0
3d895b651321624068329ef979145f2f,653207.0
429efb801033d0b16e33be40135b2772,653207.0
a7ac3496517f9027b9ef8b69cf08fd16,653207.0
a247d7c6724bda7305056b6bea8112da,653207.0
c8057162630f10404b14e6182270ee9a,888127.0
393bad8a1129951b843ee7a5dace7915,653207.0
bb36de9255a83000c720700af1444319,653207.0
e1f9ef8cb8b22c2fbe12a56b8f5d3e3c,653207.0
fe676124553c0d868c784a30f3465228,888127.0
7bfed46eb0ac575571e852e4ce991a4d,888127.0
53275d389ac3433b748a3216b5746308,653207.0
b32ca1f18debba53806553146a37b24f,653207.0
f2ef468a27f502ad007fe8a4571e7273,888127.0
67118831493559bc462267316ef1e2e2,653207.0
793c43782b8a3ff3f76e574d5caac3cc,653207.0
5710a847e7285ce03005786a5bd1a07b,653207.0
480801dbad4b9cc32710ff2ec1a4db02,888127.0
287c46f5d99da8a4ddfb49c90a69a410,653207.0
c6632a74cf94f4d9e8a380bd883e1b66,653207.0
b98e6eb257246bca7a69a62112930f6c,653207.0
7723d8a3517a99a8d2250629cd50f8fb,888127.0
5aceba52959997d4e13399d859a18ba5,888127.0
614e18cef6fcd554143c794851ec4b7c,653207.0
edf23c035984d57c229ac567fad59d7e,653207.0
ed2f042308de5ec6c22c6b587f7de4a7,653207.0
1806280aa15660737434a9c9d35f1a79,888127.0
8ec68d1ed249d03172b4da2bda35ff2f,888127.0
5dbe73dc729f4807da1edb664f7670b5,653207.0
86735e997883b1fa6111616ac31f4c69,888127.0
51eb4fea4d65572a5601fceb0eb4b89f,653207.0
bfce8720efb941074ae6d1171c591c52,653207.0
ed78d3a8e1e192da0a334b31283b68b6,653207.0
e00bc537d4bb9c97f8c773fb34a5d391,888127.0
833bb8679660b1b0beef973397cd29f2,888127.0
3d2e397bb79199f8aa45bab942d5c050,653207.0
f4ad043668f8688e8412990eeb8f18a6,653207.0
ed60d3c8872bc60e9727f0eff56f3982,653207.0
a31344585ec789bd703c08030f5f1ce6,653207.0
6daa65608ba4909d2152b2c21719c3ea,653207.0
de643469db3ba1bf977bdc18b7ad7b6b,653207.0
63dd4b612c34651dec5c7fef52a7fa98,888127.0
8c1c13ec13f0b5b0c77b2df08edfb9a1,653207.0
822b7ffcb28848a17f4921bba9863402,653207.0
fed007c384a658b60b03517f63cd09e1,888127.0
0f37932873edef5e480c4ccfa8ea3751,888127.0
51f0d386ace73c7d52e8e946a43f73ff,653207.0
c25984195f531d25d06d4edb76a8bd2a,653207.0
fe39b9600f11d8c805fa7a7613117e23,653207.0
08ded363910a4d153bddd2126c94a4c8,653207.0
be33b73f241c3eaaa022da8bf56fd845,653207.0
